Count,Moor,clear_early_2025,clear_late_2024,clear_late_2025,clear_late_2026,dBright_late_vs_early_2025__v0_original,dBright_late_vs_early_2025__v1_edges,dBright_late_vs_early_2025__v2_edges_evergreen,dBright_summer25_vs_24__v0_original,dBright_summer25_vs_24__v1_edges,dBright_summer25_vs_24__v2_edges_evergreen,dBright_summer26_vs_24__v0_original,dBright_summer26_vs_24__v1_edges,dBright_summer26_vs_24__v2_edges_evergreen,dNBR_late_vs_early_2025__v0_original,dNBR_late_vs_early_2025__v1_edges,dNBR_late_vs_early_2025__v2_edges_evergreen,dNBR_summer25_vs_24__v0_original,dNBR_summer25_vs_24__v1_edges,dNBR_summer25_vs_24__v2_edges_evergreen,dNBR_summer26_vs_24__v0_original,dNBR_summer26_vs_24__v1_edges,dNBR_summer26_vs_24__v2_edges_evergreen,dNDVI_late_vs_early_2025__v0_original,dNDVI_late_vs_early_2025__v1_edges,dNDVI_late_vs_early_2025__v2_edges_evergreen,dNDVI_summer25_vs_24__v0_original,dNDVI_summer25_vs_24__v1_edges,dNDVI_summer25_vs_24__v2_edges_evergreen,dNDVI_summer26_vs_24__v0_original,dNDVI_summer26_vs_24__v1_edges,dNDVI_summer26_vs_24__v2_edges_evergreen,dSat_late_vs_early_2025__v0_original,dSat_late_vs_early_2025__v1_edges,dSat_late_vs_early_2025__v2_edges_evergreen,dSat_summer25_vs_24__v0_original,dSat_summer25_vs_24__v1_edges,dSat_summer25_vs_24__v2_edges_evergreen,dSat_summer26_vs_24__v0_original,dSat_summer26_vs_24__v1_edges,dSat_summer26_vs_24__v2_edges_evergreen,share_browned_raw,share_flagged__v0_original,share_flagged__v1_edges,share_flagged__v2_edges_evergreen,share_used__v0_original,share_used__v1_edges,share_used__v2_edges_evergreen,uid,Count_Type,GWCT_Region,area_ha,damage,min_clear,enough_images
Catterick,Bollihope,9.146821980458276,4.9762754560178415,11.455273909407108,17.461013793378118,-0.0017996101983187413,-0.0013412222376518635,0.003850652875433838,0.007775089652612011,0.007773030176752606,0.010540609518481233,0.009600677702788442,0.009434532086348257,0.014589807788975909,0.026652320298077885,0.021159016271374412,-0.07748015651853468,-0.16228351299093513,-0.14668006486286575,-0.19068938666650645,-0.1871850609906446,-0.17224224546563813,-0.22425039109211076,-0.00819381271680669,-0.010584205986342687,-0.06563040329041483,-0.10800459558114282,-0.1012471260733018,-0.1176494128643804,-0.111024491471228,-0.1077373985296305,-0.1438723381233826,0.0016269438398102318,-0.004056168946786993,-0.019729430353786645,-0.06743401846581773,-0.07230051020842693,-0.0840094648511274,-0.06334532136265174,-0.06505258858001468,-0.07959994466206885,0.7326364969099277,0.4596043080064498,0.41370554133191906,0.605280201701276,0.852021048509147,0.7048736492047901,0.22957411783447854,0,Core,N.DALES,136.7428451960873,0.3,5.0,True
Pikestone Fell,Bollihope,9.186494240849541,3.885747502106318,10.799013847972006,16.868906694411624,-0.00022280495086449253,-0.00042550500895469236,-0.00023053608287980135,0.008649464982567181,0.008498887432031156,0.008455292342706503,0.007333598236231269,0.00649001816439191,0.006466314309529891,0.11005343873742135,0.11055198660396441,0.11266985389270745,-0.04372373363870042,-0.03846173888168574,-0.03803101991492409,-0.1032416492293249,-0.08883934763720985,-0.08957508953341256,0.022920720338979027,0.024783291185713634,0.024749828493628424,-0.05806338221984241,-0.054309412483958285,-0.0546251812766657,-0.0605729180032309,-0.05067365511378853,-0.050770765731016604,0.047903172995047205,0.04382168845089282,0.04370556489708287,-0.10424149227519941,-0.10432120352946268,-0.1044868522939144,-0.11036766577295654,-0.11073768914523117,-0.11028742836490034,0.17952686630791378,0.13440506125777696,0.14014290034968277,0.13260933375820766,0.915227114657137,0.8173859054899946,0.7921361161216635,1,Core,N.DALES,100.33878346919761,0.0,3.9,True
Dowks,Crossgill,8.32527606787568,4.549677769102245,9.750115443676492,10.698384539852198,-0.016369172697534625,-0.016369172697534625,-0.01621840482153802,0.002172776555520613,0.002172776555520613,0.0018313363509458024,0.007783371941462721,0.007783371941462721,0.006049479371626661,0.13342044357298147,0.13342044357298147,0.13519269596219652,-0.08422178491712246,-0.08422178491712246,-0.08153213365290496,-0.11277436658459267,-0.11277436658459267,-0.09616969534660659,0.1166802661759393,0.1166802661759393,0.11560207318552289,-0.05847703151926265,-0.05847703151926265,-0.0556584310844347,-0.07786335304017097,-0.07786335304017097,-0.06441953385438447,0.06643382363969204,0.06643382363969204,0.05483831655714644,0.07400645468757702,0.07400645468757702,0.08633369534007279,0.0036410828268137515,0.0036410828268137515,0.017088397745365646,0.2834918143353593,0.019147467954627025,0.019147467954627025,0.026353445238734594,1.0,1.0,0.3863254003251495,2,Core,N.DALES,78.46775503669072,0.0,4.5,True
Greencastles,Crossgill,9.021975260575712,5.704262792129799,7.762569787976874,10.723533052909078,-0.01958268309635259,-0.01958268309635259,-0.019789415059618596,-0.003005701595210718,-0.003005701595210718,-0.0058989990147337605,0.005684430414212057,0.005684430414212057,0.003920224592208224,0.12262088133955155,0.12262088133955155,0.11798777625411115,-0.07794850127352151,-0.07794850127352151,-0.07059507666383248,-0.12703998521881946,-0.12703998521881946,-0.10815333244559093,0.12186014391068756,0.12186014391068756,0.11624147169502018,-0.04761505198547529,-0.04761505198547529,-0.03677147982510624,-0.08595649580628621,-0.08595649580628621,-0.07760642145959407,0.06539899953259923,0.06539899953259923,0.05460523038133977,0.040460583727799856,0.040460583727799856,0.05218261170609309,-0.029816714960182074,-0.029816714960182074,-0.0039676618812869635,0.26185886669923863,0.027655632913969296,0.027655632913969296,0.040529876847416026,1.0,1.0,0.1874379733113473,3,Core,N.DALES,71.26407198385533,0.1,5.7,True
Pants,Crossgill,6.461639630944617,4.257491918026016,9.573711687207561,9.558599114424416,-0.013611493923302923,-0.013626694502553525,-0.008629264468998268,0.004071584541251745,0.004119671399546288,0.0036811270897098036,0.0110435213126141,0.011045771788711339,0.009773270656585344,0.15060632924310788,0.1493834639735822,0.1716210196979815,-0.08692085746798028,-0.08723759597466567,-0.07750662396112025,-0.12512820459898072,-0.12486707494989825,-0.12333986959768212,0.12290134047958566,0.12293710941039537,0.10436900491533556,-0.06074239740846902,-0.06111037090205521,-0.060000426652887594,-0.0901085644207648,-0.09029438131339684,-0.08716014098900778,-0.0009565210596135483,-0.0007469884290099199,-0.027505166197166354,0.07165277207862061,0.07090034155299832,0.12004725054818854,0.030537483818269238,0.029827625624492288,0.10317846562118661,0.27315047453770486,0.1891728457098788,0.18755259988550868,0.31167063256538274,0.9916543501971896,0.9825117731329013,0.16669122396711877,4,Core,N.DALES,74.98476461546826,0.0,4.3,True
Waskerley,Edmundbyers,10.857600863855371,7.503705757047396,10.855629942083677,15.09767725976731,-0.0006133408868487972,-0.00022006866960136626,-0.000607795108867289,0.004230603982368722,0.003492203917066553,0.0030520119900872304,0.002402953086497894,0.0021703645492748133,0.0021661681618805055,0.13629975059593313,0.1102241219066419,0.11941589526318182,-0.1282477595248117,-0.1079728932948224,-0.1094355253944697,-0.0966122627522078,-0.07814113467290898,-0.07955106250913917,0.04613777634856593,0.03303402918899052,0.03845436313659864,-0.07125330073907414,-0.06157357867859661,-0.06147617163086026,-0.04384710441517136,-0.04066314996096724,-0.0399563778215507,0.0016739276600547328,0.008227485308006504,0.010252410215117282,0.025532096241836354,0.018545471208689716,0.02233209646253074,-0.03433177929925669,-0.04019458106948309,-0.03882592135866139,0.6760509036068926,0.3067437713196129,0.22852742652983446,0.20324243452754606,0.5709473102234531,0.3118418087749728,0.2687932097404636,8,Core,N.DALES,148.4039350811281,0.0,7.5,True
Blackton,Eggleston,6.286549473996976,4.785141732048024,9.549086539302941,13.54501128822652,-0.0023511358757837535,-0.0030442207060755355,-0.0007130619497880837,0.006304520032376857,0.0060253818445426145,0.006639106464296451,0.00599508739097397,0.005736077408009049,0.00642649838837171,0.0811925756682027,0.07640373006200399,0.08208130498237473,-0.147125420695598,-0.13219377290204432,-0.1468736208995503,-0.13619239728708185,-0.1224247624284048,-0.1434884229130235,0.03958118306868305,0.040708080309005294,0.03510813771432212,-0.08554320556720142,-0.0795067113863562,-0.08939089862634654,-0.07014038041281997,-0.06674953821619073,-0.07594704385452165,-0.017438367652028875,-0.01523621434204845,-0.024504028290117767,-0.01830822167839474,-0.021086503460046088,-0.013427309994014335,-0.03893416236587032,-0.04081323511221793,-0.041812047081028855,0.7408718181663966,0.4966265244990305,0.4348509152619516,0.5006388046169015,0.8280921645416667,0.6559468474310663,0.35142693432769057,10,Core,N.DALES,289.6834680163338,0.3,4.8,True
Cloudlam,Eggleston,8.30260334550829,5.403200576380989,10.10405528861215,14.32266049872586,-0.005991792532220367,-0.0065920945503625174,-0.0043147041252034335,0.004966797468041824,0.0052784893466317675,0.00436138468842934,0.00843281347399537,0.008023664624463328,0.007887234869608368,0.10637089051703646,0.10017764503760514,0.1109583763455559,-0.10796959436287505,-0.11205219062252132,-0.11550810256622968,-0.18483845006054417,-0.1755027206593901,-0.19428174753608018,0.0577086470355714,0.058897444843024636,0.05360265768977869,-0.0693179009974615,-0.07184333266492746,-0.08029478772781318,-0.10483603919546139,-0.09949353065951637,-0.11329413776946963,0.04673068186142073,0.04698700273863521,0.03488577219378353,0.013752979664362272,0.012286756111998127,0.021949213556911092,6.783845593982309e-06,-0.004212785438976682,0.015666948116141718,0.46565668276550964,0.23049228709391903,0.22662187089617555,0.3015812117926705,0.8134885928874793,0.6712739242461743,0.4014550045098691,11,Core,N.DALES,239.00255252274462,,5.4,True
Ever Rigg,Eggleston,7.269681836880409,4.459986223918722,9.206021904317117,14.710012271496641,-0.003940473170193904,-0.004335762510056755,-0.0034266683046075505,0.004192985063856301,0.004831651260069665,0.00489790850552558,0.006900371443407321,0.007146532686122922,0.0079506859282905,0.09958329825177509,0.09876244493653494,0.10991517443100586,-0.11256696794711932,-0.11196182871748299,-0.11877151580837593,-0.16288588906673385,-0.15543708682506113,-0.1703050471206235,0.05012875125658994,0.05415665471812454,0.05466809992068494,-0.07122511236296115,-0.07432382395236176,-0.08043967609516359,-0.09556924490065143,-0.09494707723621078,-0.10521306822999081,0.013368187649287828,0.01360096497432045,0.0028120785398863487,0.0044692928881985595,0.003147597965069863,0.005392898367365478,-0.0009315585206638546,-0.005851214441922745,0.005649033298598706,0.5090846305609394,0.3244374590634789,0.31223545586809737,0.35658736222491944,0.8293571422980478,0.6574894831273391,0.44188920169173973,12,Core,N.DALES,261.3827894528779,0.3,4.5,True
Neamour,Eggleston,5.961634760934388,5.855372428027647,10.149811841546876,12.650838955054056,0.002811819975679157,0.0011890287452379815,0.005204666073359181,0.0121033909776206,0.011557518602767375,0.01285103447548672,0.005729317215525454,0.005914778822788175,0.006993723181644552,0.07929037862836182,0.07932793259801407,0.08479182555819209,-0.15114984204530799,-0.13514328117359453,-0.14958264189241255,-0.13656920996480668,-0.12103427910740377,-0.1428929696592996,0.03617649392900331,0.04436831880456167,0.02846468843232664,-0.1023838027638811,-0.09265240264601668,-0.10842762873398931,-0.07489922831840067,-0.07120694948814403,-0.08238326951420763,-0.09048288246034711,-0.08607362096095808,-0.10748160046759814,-0.07165285530345773,-0.07717081289989752,-0.07736661501640867,-0.01741692053956906,-0.022101132499827324,-0.01672968174930134,0.7786391191974101,0.7364665061156848,0.7019567951700215,0.7908709663948474,0.8498361093148477,0.6977976063988652,0.34638461248682817,13,Core,N.DALES,218.52553907488027,,5.9,True
North Sharnberry,Eggleston,8.549596555389357,5.860758387461287,10.17310138930665,17.012570014063787,-0.004424709607479124,-0.00528857290426027,-0.0038762433401031216,0.004463650026283392,0.0039025004065738095,0.0035219288985534366,0.004602043914386793,0.0040784488624928715,0.003957551378553664,0.12817610912505742,0.12664082624084316,0.13063538898211277,-0.0927990226658344,-0.08257065904179575,-0.07632697963926771,-0.1528228341090204,-0.14057872687358053,-0.1410745371766479,0.06162242673813637,0.06500808623510193,0.05924227559334184,-0.05916589598409119,-0.05235563394368462,-0.04950461702592234,-0.08164229873212028,-0.07460160199957745,-0.07487321172824227,0.014181183713495167,0.014104169434735324,0.016844486672874692,0.017201809761767824,0.01303309168885518,0.017864609787022104,0.003948075746937224,0.0013298707316754534,0.010005527245257157,0.3814132381284228,0.28672093855033126,0.25554780041951164,0.2401708123004065,0.8260574765671364,0.622764935656161,0.34385453841526387,14,Core,N.DALES,178.7715736369096,,5.9,True
Robin Weathers,Eggleston,8.50110409883078,4.991493301513301,9.721824314588122,16.622071369391417,-0.0098729371610756,-0.010356129257355979,-0.009070691321102258,0.004869683969031922,0.004183183931594659,0.0010932034790727709,0.0036427071990786544,0.00263276394394237,-0.0013389686792238415,0.13668265300790644,0.13314534220940702,0.14928680994374505,-0.09120035870472484,-0.08002287196282659,-0.07043432499421927,-0.118309819477959,-0.09914632363817266,-0.08836338900113372,0.08782156178812092,0.08940609467557771,0.08635148733241692,-0.0477506305723294,-0.04213884446604203,-0.033855398555000076,-0.05395592465437441,-0.04559440202727487,-0.03097461355227114,0.053150791209875176,0.055184896749243505,0.0533596934918762,-0.015929108761762813,-0.015930624571695782,0.0014831475029464783,-0.04273889906892478,-0.04780593463922093,-0.02234133002755166,0.3702939657822124,0.1997516689639322,0.14589531546047996,0.16035590881680992,0.7066152532130232,0.5145671520353629,0.2018181914387397,15,Core,N.DALES,184.5949235475107,,5.0,True
South Sharnberry,Eggleston,7.790423942510352,5.432308596323169,10.186048356678329,16.480598567663694,-0.008721288543079882,-0.00921177316405819,-0.007798348301017446,0.005941469531668906,0.006036292252856081,0.005938223136622002,0.005895458213845304,0.00595793749195055,0.005367583210671217,0.14269473551517833,0.1382147712415022,0.15137367739060306,-0.0935585081461104,-0.08447307280087991,-0.07572180015423645,-0.1328962078450028,-0.12243379278775586,-0.11295950176542517,0.08353315490562713,0.08349124611508718,0.08160335202381226,-0.054617103423408746,-0.05153898054807069,-0.04843859817608032,-0.06744596729305351,-0.06436802299575027,-0.058213667143277456,0.03126064864542896,0.03270331244109813,0.023260658103953804,-0.03009800390882709,-0.0352191197930609,-0.04122054112897845,-0.05047136906324302,-0.05756398820055001,-0.06052718999681586,0.391518998515825,0.2584580252301546,0.2198382307652082,0.233577782835094,0.7431703819023935,0.5486799129081438,0.2888049492659032,16,Core,N.DALES,185.23552847248098,,5.4,True
Middle,Geltsdale,9.453528452834018,5.767223299347344,8.16728554407493,13.097301429555651,-0.007614299005735834,-0.007611920167298496,-0.0038390418469047886,0.0029252683803604146,0.002921104847846643,0.0028414215849417264,0.007499697051891056,0.0074511587750787115,0.006173067569542793,0.14478529931648496,0.14476478768432816,0.13688414943115826,-0.08699228947495151,-0.08698233732025379,-0.08547853618066872,-0.14366424158058852,-0.14330489058881968,-0.13095438888298566,0.1035598675114125,0.10353147868360851,0.07819840882851116,-0.05261414377957284,-0.05258003679885989,-0.05090602946308912,-0.0919560417935594,-0.09159248437037187,-0.08000128965693921,0.030620264058692868,0.030549504741271587,0.035853220625863436,0.08339111871378319,0.08350088568673669,0.09587550395317321,0.02545172934696688,0.025597136762115207,0.03734135249380896,0.3328151348096087,0.1344211968963933,0.13457279010273865,0.13081372367747954,0.9981574321933757,0.9952400331662206,0.3949858930015193,17,Core,N.DALES,262.7836328931896,0.0,5.8,True
Long Gill,Grinton,1.2666949155520661,1.6822803678446683,5.044325814745211,6.910523245335039,-0.00834826481059859,-0.009545412752294747,-0.009037987234787614,0.0005320061724052728,-0.0007830927990026545,-0.0009412338599886429,0.0021292996876110634,0.0011389193334481607,0.0014369450017066327,0.11658889720501679,0.11633026539114145,0.11741136112039785,-0.07898070861111943,-0.06512877975019733,-0.06246583025961449,-0.10214325452748825,-0.09375379662703762,-0.1052727913106,0.06270814937103551,0.06370393400021744,0.05631476996770173,-0.049452924582995765,-0.04244001679576795,-0.04398584044789333,-0.06527214292026692,-0.06264218041471517,-0.07061728636373049,0.017211208683765546,0.029895674484144243,0.04132352366615614,0.04513857229964691,0.05655894958898069,0.06456991154989812,-0.028115153765444965,-0.02171357285202931,-0.025400424134826956,0.4076757467990828,0.4180279564990495,0.37251644609216644,0.34257359356318823,0.871107515291299,0.7278836581034733,0.5593339555451586,18,Core,N.DALES,91.14274332910794,0.5,1.3,False
Behind House,Moor House,8.750983784738454,3.0249789013318997,8.09605253013581,12.365039787203724,-0.00725070306484998,-0.00725070306484998,-0.004149787040113519,0.005911196095682789,0.005911196095682789,0.005817698400220971,0.011433381535879908,0.011433381535879908,0.01027282090839284,0.14146188798279977,0.14146188798279977,0.14085226631248113,-0.0782002538759245,-0.0782002538759245,-0.07859201504177538,-0.11444356860912658,-0.11444356860912658,-0.11367766221067342,0.09039663685856208,0.09039663685856208,0.07539402211550562,-0.061374928320430344,-0.061374928320430344,-0.06617410357943926,-0.07147903463707603,-0.07147903463707603,-0.0710991859590432,0.03191856063202097,0.03191856063202097,0.027157456087962564,0.07545939052871131,0.07545939052871131,0.09915306868430165,-0.020680387710082074,-0.020680387710082074,-0.006525607059085132,0.166937298701906,0.10319663608009,0.10319663608009,0.10024128396567483,0.99819588943726,0.99819588943726,0.6392440030939379,19,Core,N.DALES,99.23311594271345,0.0,3.0,True
Trout Beck,Moor House,6.9687571363263565,3.6091575705160426,9.278027511868608,10.385828347133273,-0.002405998984741369,-0.002405998984741369,0.0032594644849725392,0.008476893626427735,0.008476893626427735,0.00917406758838348,0.006777089131546028,0.006777089131546028,0.005870007351132381,0.14085580432941625,0.14085580432941625,0.1391376341916392,-0.07283181929676974,-0.07283181929676974,-0.07951655746833115,-0.11828523520474293,-0.11828523520474293,-0.12495898782029316,0.08920115444726676,0.08920115444726676,0.0650335262486762,-0.06408735196757882,-0.06408735196757882,-0.07242076662948546,-0.07105214341613565,-0.07105214341613565,-0.07137268235807556,-0.06010385182168765,-0.06010385182168765,-0.09292595652417142,0.01997204837757656,0.01997204837757656,0.024314365152136592,0.03262331483682333,0.03262331483682333,0.051658387343116514,0.12922561908370314,0.5536704424597602,0.5536704424597602,0.7116549097393405,1.0,1.0,0.48566746127622334,20,Core,N.DALES,211.17004816558804,0.0,3.6,True
Beacon,Stags Fell,9.079652656563615,6.848224543548342,7.009841330442541,13.650184477891514,-0.007504560127967554,-0.007504737203600279,-0.005151158055498613,0.0015694912936743547,0.0015678408200769031,0.000770549862206226,0.003200989835635546,0.0031968030397561986,0.002137323059543715,0.15828904677685815,0.15830041602042794,0.15124426780516317,-0.047355111968426046,-0.04733566596858468,-0.04415621525694377,-0.10151280771149392,-0.10146564907795243,-0.09868782602276782,0.08782676412523747,0.08782122355244953,0.06960242392357467,-0.049394868287839344,-0.0493810285369893,-0.04653234866279291,-0.05794319063418052,-0.057909922812815186,-0.05182339692911741,0.06077637163098384,0.060783420369076135,0.05450170781516845,0.08866505019301439,0.08867091642797355,0.10212457976641265,0.01494039051351518,0.014966375157291302,0.0243315578035404,0.03758600282798528,0.07811493747462009,0.07814660566954522,0.08956732354395366,0.9999253823610259,0.9995201717744894,0.5749086644965088,24,Core,N.DALES,136.8131667608335,0.0,6.8,True
Close House,Wemmergill,8.620773982221555,6.065386137150797,8.926618227414634,13.25628533292927,-0.014898594402374407,-0.014898594402374407,-0.009286051013218437,0.0028983445129894857,0.0028983445129894857,0.0032479037826497388,0.009692325255889174,0.009692325255889174,0.007661431732469084,0.10465275362462585,0.10465275362462585,0.0927650955214441,-0.09808499099974578,-0.09808499099974578,-0.10009587904411162,-0.12239656501653161,-0.12239656501653161,-0.1242401078406796,0.10456728136947745,0.10456728136947745,0.07506384835641804,-0.06634860557221652,-0.06634860557221652,-0.06972614375864916,-0.0857674499010268,-0.0857674499010268,-0.08690391100457617,0.011240275841953268,0.011240275841953268,0.011172217829497478,0.016317557996003883,0.016317557996003883,0.0126751275140427,-0.0007724873904383618,-0.0007724873904383618,0.010124466891074546,0.4478312896294988,0.19670505292677976,0.19670505292677976,0.21339420057220645,1.0,1.0,0.3141989186028885,26,Core,N.DALES,212.46061308498793,0.1,6.1,True
South Side,Wemmergill,9.508635553910455,7.1612510196724175,10.066257197900079,12.058396450560862,-0.01669733890247831,-0.01649376949560891,-0.014279328993256749,0.008451258362211675,0.008163037615576673,0.006335003538338829,0.008919487329945904,0.008860017649503105,0.008654681881412895,0.17720333062449445,0.1753765088901479,0.16508674875880835,-0.08791422200876947,-0.08655338037909885,-0.0885071874578719,-0.13283104566353132,-0.13259050076907114,-0.14361435017187324,0.1462393679366297,0.14494854637138524,0.12705153756988868,-0.07515616059924046,-0.07323434055064829,-0.06909261293227704,-0.0822310677933039,-0.08172894929484688,-0.08807861263511985,-0.01796296076659319,-0.016872614913915594,-0.00914633312100651,0.019972215059541824,0.019661232109410683,0.02546727911205765,0.06136840028414448,0.06078289182968017,0.07231326789586587,0.3751398473186673,0.38175883548503475,0.37371535489986657,0.32633725034668193,0.977485344165323,0.9455516600315059,0.38857616972999115,27,Core,N.DALES,283.66039400772473,0.6,7.2,True
Glaisdale,Danby,13.108084085636687,7.476202146624452,12.986611294454157,17.099667464572637,0.0012052849964549622,0.0010980090680961882,0.002344693546006475,0.008277330952888708,0.008064650956991841,0.007957765825202901,0.011491763086348116,0.011055665575172739,0.01157884438642702,-0.04740565341391642,-0.05080501402007786,-0.04808858245188406,-0.21316277797701602,-0.20441761629256022,-0.21784811701623072,-0.17619441500988872,-0.1656061325177326,-0.17861458412089937,-0.053647206950777564,-0.05431400102985449,-0.0599369898820522,-0.14991601742909677,-0.14541830731905597,-0.15760190990865375,-0.11274075082969932,-0.1071580167336504,-0.11865139071215453,-0.011985168434248034,-0.01334820011725455,0.004975979486709987,-0.03839101048227786,-0.04036455846282562,-0.022639206869953157,-0.06499678842979745,-0.06516769345053022,-0.05824650984109591,0.904168222950568,0.7796996044831933,0.7632912607280967,0.7730151671629572,0.9190659799975159,0.8045485676300851,0.4039080046867183,6,Core,NYM,54.45965082730764,0.7,7.5,True
Low Moor,Danby,12.130675318776156,8.07199403004445,13.598878946173057,12.642174880763113,-0.0031947976791670304,-0.003692170613793442,-0.0012078034907936836,0.003546012075707774,0.0032732008790336982,0.0017989015318543315,0.005203355980994719,0.004636446026070509,0.0036596695491884325,-0.018152880532996237,-0.01676448270470533,-0.02294191886446871,-0.1863080800114267,-0.17079799908087992,-0.1729777575761097,-0.13064105757418906,-0.11677204981692478,-0.11844953476487083,-0.019282118001323255,-0.01465142738119578,-0.03986792630354005,-0.11125413154490385,-0.10334462329026098,-0.10947226046975507,-0.06431959631863213,-0.05832880250165945,-0.058283903101492535,0.01035881589237641,0.009447635707291721,0.026227699110855898,0.017618301543667385,0.017037384943711213,0.03400746465563451,-0.022410527900618964,-0.019676364180045286,-0.01724017951770303,0.824548305337877,0.5559809750902084,0.5087767272282758,0.49671820573927,0.9185241231627781,0.815371078160993,0.4058204470977576,7,Core,NYM,87.92038092265264,0.5,8.1,True
Pits,Rosedale,10.930558770701495,8.51383077632571,12.46733408983181,13.234473066235738,-0.001564084890961277,-0.0017236203762106392,2.0313812425076672e-05,0.0057982647730631465,0.005785725586698415,0.005526204790405683,0.011478464871754654,0.011371984498135018,0.012196833845940796,-0.01527957252429631,-0.017656201462995284,-0.023926094342032366,-0.21520669038403825,-0.21125172957543759,-0.22050413211975523,-0.23265610948996757,-0.229800709070612,-0.27223995229804304,-0.023966360418096046,-0.024721366741749393,-0.038293784717996014,-0.1535516390892401,-0.15240417474914875,-0.1624017712531906,-0.14503837575946502,-0.1439890854054663,-0.1716373926108436,0.012940397034315739,0.013991906769802793,0.027015148324993413,-0.0075670789566683275,-0.0073178966303524655,0.02527519569883958,-0.07105479679027817,-0.07073533931564875,-0.0531191732919985,0.9490189362380207,0.698787339103437,0.6864404847071548,0.6920321522567465,0.9530080850568846,0.894621144477882,0.33507058157095365,22,Core,NYM,138.99841342740018,0.6,8.5,True
Lodge,Snilesworth,13.338519332439365,8.237037713759381,10.722515310205697,13.989764516615494,-0.0017581945267847183,-0.0014473440669595388,-0.0010925574072637564,0.004150211491950502,0.004088814398509399,0.003734420162795428,0.010714938252713467,0.010740169197915594,0.010553742508429276,0.1371093355827369,0.1283916488515326,0.1271949635880216,-0.15900466317936754,-0.14692668508797527,-0.14938769573647812,-0.09506855209665195,-0.0886032275588918,-0.08997246725987998,0.07411579810196563,0.06751721850148691,0.06530840853853408,-0.07715053520059433,-0.07597461334478675,-0.07784119632112611,-0.05821232466184461,-0.05579919046839487,-0.05798138771510135,-0.10774796197721735,-0.10644281799773223,-0.10507463392072725,-0.03676544907552645,-0.040267255620111235,-0.03501131135500491,-0.05482576778284904,-0.0609434473832695,-0.057976096884530794,0.7348660875195394,0.913711877597998,0.9161619642220964,0.9124658194244581,0.664905635820156,0.42856186374339306,0.3922228472633731,23,Core,NYM,73.15483994965695,0.8,8.2,True
Tank,Westerdale,13.064197555590201,7.0550937559832025,11.79302494405222,13.79359768678893,0.001548260336199015,0.0013367964589610975,0.0019970036276583556,0.004525423353419976,0.004698789749600519,0.00516278675141682,0.004432475326947573,0.0043287626256240126,0.004594865191897916,-0.029726459313882098,-0.03545989890041306,-0.00837103215941455,-0.15083344674948687,-0.15371225622801415,-0.15045092712925748,-0.1769142123011037,-0.17282085674651076,-0.18136945597103585,-0.03883904455399885,-0.03917795490738662,-0.028746651779397187,-0.10586849208065423,-0.10579137837114799,-0.1134155308514218,-0.08075009225329031,-0.07892196442431282,-0.08837764023404945,-0.004257967293474998,-0.007369567784713827,0.01754644300079359,-0.024149917495063886,-0.02610673172904801,-0.0003641595344345173,-0.05800758362821177,-0.058788134475509096,-0.04813446192951482,0.7124430151381428,0.511797474215011,0.5356807308544732,0.4311761570047402,0.940064684655949,0.8288164328141524,0.37513543228400725,28,Core,NYM,152.99660035988197,0.5,7.1,True
Bishops,Dallowgill,20.396630768765547,14.82483054384569,18.807102316732173,39.57598697628836,-0.0044355967443201645,-0.004725120071185476,-0.004221621509123161,0.005660056267609147,0.005303938302124875,0.005487483259006064,0.004224823298180987,0.003909722875997365,0.004128734917246453,0.17096449533866465,0.16708347604776397,0.18025088016679455,-0.024446086386133565,-0.020528261728245407,-0.011947600073465446,0.004435037073223698,0.009021005670861011,0.010821350146492818,0.11247222080073173,0.11197472452217766,0.11541481619798757,-0.021808597023264622,-0.018776318447859642,-0.015682689422900454,-0.0048055533338733055,-0.002011862085157589,-0.0002754582632532144,-0.13203191533320127,-0.13053685784461164,-0.13124431863906214,-0.06536691553141838,-0.06387213491342329,-0.056113983822551394,0.0009183229787766849,0.001699307167929292,0.0024265328145817366,0.1024119548592271,0.7873962175988752,0.7799586283105479,0.7388380766588645,0.9421157401321913,0.860781105908785,0.3850902034790374,5,Core,S.DALES/PEAK,111.90798296687815,0.6,14.8,True
Raygill,Ramsgill,16.132006754387337,14.0117576744304,12.091504779002657,25.1690087883847,-0.012774693145802679,-0.012791889397763283,-0.010524428949312086,0.0033724630398107294,0.0033254489656411655,0.0004028681958758638,0.008576717082545144,0.008494985012546712,0.0063134794267661045,0.147833297036869,0.1480367991736256,0.16519623894940813,-0.09388696355822934,-0.09323453876629115,-0.08089861288644369,-0.08068054969436544,-0.07988101396666022,-0.06990648515860867,0.12877537404466408,0.12892553101432871,0.1321914488768745,-0.03501773296640478,-0.03469709208322199,-0.017293501702335682,-0.03877701804392997,-0.038272200825658464,-0.02751042401593004,0.008380946534854902,0.008163303177390245,0.014937260290374526,0.03567529380984239,0.035856225588505174,0.04515039579990073,-0.004414587548485277,-0.004118846311970037,0.0048649709436957705,0.41202278882405347,0.22427889079979144,0.22323403244719542,0.19368791906075067,0.9568909535940856,0.9470339860549564,0.38103951999369423,21,Core,S.DALES/PEAK,91.68995314536518,0.2,12.1,True
Potts,Swinton,9.4296383391704,8.052826356983255,10.418217819999462,11.742697877919403,-0.001410316791956982,-0.001755819081503696,0.0008141812154668608,0.0017260462246318944,0.001619715762717549,0.003915588607534804,0.002883961952650952,0.002819714043288729,0.006811269309486145,0.09381160547780018,0.09327872309629327,0.11569988038349295,-0.09158292301971074,-0.08976517862841955,-0.10288392463667823,-0.08213522975892511,-0.07775834473788061,-0.11758498806940773,0.04946920389593286,0.05038946541122141,0.058157224869531655,-0.038915816305322315,-0.03766990049411244,-0.05647955930816809,-0.02869011971461388,-0.0273170689381745,-0.06071389227274826,-0.1146502401884271,-0.11214548039747774,-0.12596388776097672,-0.03536771380331653,-0.0354527522270336,-0.022281045286172967,0.03837251002887002,0.037294266206752885,0.04898565140979712,0.4307680660144194,0.7910182359351604,0.7817343749561155,0.8188509675527171,0.9763184023497754,0.9278801061075824,0.1583236575038276,25,Core,S.DALES/PEAK,96.98230349534194,0.7,8.1,True
