,importance
NBR__late_vs_early_2025,0.2425
B5__summer25_vs_24,0.1734
B6__summer25_vs_24,0.1067
B11__late_vs_early_2025,0.0632
Sat__late_vs_early_2025,0.0598
B7__summer26_vs_24,0.0567
B8__summer26_vs_24,0.0511
NDMI__summer26_vs_24,0.0384
B5__late_vs_early_2025,0.0378
B12__summer25_vs_24,0.0253
Sat__summer25_vs_24,0.019
NDMI__late_vs_early_2025,0.0138
B11__summer26_vs_24,0.0121
B6__summer26_vs_24,0.0118
NBR__summer25_vs_24,0.0107
B12__summer26_vs_24,0.0075
B2__summer25_vs_24,0.0071
NDVI__summer26_vs_24,0.0066
B2__late_vs_early_2025,0.0063
NBR__summer26_vs_24,0.0059
NDVI__late_vs_early_2025,0.0058
Sat__summer26_vs_24,0.005
B6__late_vs_early_2025,0.0049
B5__summer26_vs_24,0.0038
NDVI__summer25_vs_24,0.0038
B8__late_vs_early_2025,0.0038
NDMI__summer25_vs_24,0.0035
B12__late_vs_early_2025,0.0031
B7__summer25_vs_24,0.0017
B2__summer26_vs_24,0.0012
B11__summer25_vs_24,0.0011
B3__summer26_vs_24,0.0011
Bright__summer26_vs_24,0.0009
B4__summer26_vs_24,0.0008
B4__summer25_vs_24,0.0008
B7__late_vs_early_2025,0.0007
B8A__summer25_vs_24,0.0007
Bright__late_vs_early_2025,0.0005
B4__late_vs_early_2025,0.0005
B8A__late_vs_early_2025,0.0004
B3__late_vs_early_2025,0.0002
B8A__summer26_vs_24,0.0001
B3__summer25_vs_24,0.0001
B8__summer25_vs_24,0.0
Bright__summer25_vs_24,0.0
