model,combined_with_rule,typical_error,within_0.2,within_0.1,rank_r,rank_r_N.DALES_only,vs_rule_90pc
Rule-based estimate (no model),False,0.122,19,12,0.81,0.5,
Random Forest,False,0.141,16,12,0.78,0.56,-0.035 to +0.067
Random Forest,True,0.109,19,14,0.86,0.61,-0.043 to +0.013
Extra Trees,False,0.161,13,9,0.71,0.38,-0.016 to +0.088
Extra Trees,True,0.118,19,11,0.83,0.57,-0.032 to +0.022
"Gradient boosting (histogram, LightGBM-style)",False,0.122,19,10,0.78,0.52,-0.055 to +0.050
"Gradient boosting (histogram, LightGBM-style)",True,0.101,20,15,0.87,0.61,-0.049 to +0.006
Gradient boosting (classic),False,0.118,20,10,0.79,0.54,-0.058 to +0.044
Gradient boosting (classic),True,0.098,19,15,0.88,0.65,-0.053 to +0.003
SVM (RBF kernel),False,0.124,17,11,0.78,0.53,-0.055 to +0.053
SVM (RBF kernel),True,0.102,20,15,0.86,0.59,-0.049 to +0.008
Logistic regression,False,0.151,16,9,0.72,0.32,-0.026 to +0.082
Logistic regression,True,0.109,19,13,0.84,0.54,-0.043 to +0.018
