Moor,Region,mean_annual_pct
Edmundbyers,North Pennines,35.95
Snilesworth,North York Moors,24.71
Eggleston,North Pennines,9.04
Danby,North York Moors,6.27
Bollihope,North Pennines,4.85
Dallowgill,Dales / Nidderdale,4.82
Rosedale,North York Moors,3.09
Wemmergill,North Pennines,1.34
Westerdale,North York Moors,1.01
Swinton,Dales / Nidderdale,0.59
Grinton,Dales / Nidderdale,0.37
Ramsgill,Dales / Nidderdale,0.35
Crossgill,North Pennines,0.28
Geltsdale,North Pennines,0.0
Moor House,North Pennines,0.0
Stags Fell,Dales / Nidderdale,0.0
