key,v5_settings_v5_boundaries,v5_settings_v6_boundaries,date_only,patch_only,v6
Bollihope|Catterick,4.33,4.14,2.53,4.79,2.92
Bollihope|Pikestone Fell,7.51,5.88,6.86,6.26,7.18
Crossgill|Dowks,0.0,0.0,0.0,0.0,0.12
Crossgill|Greencastles,0.0,0.0,0.0,0.0,0.05
Crossgill|Pants,0.25,0.27,0.65,0.36,0.72
Dallowgill|Bishops,3.68,3.74,3.79,5.87,5.69
Danby|Low Moor,6.09,6.24,5.35,7.82,7.0
Edmundbyers|Waskerley,15.32,13.59,14.94,15.53,16.31
Eggleston|Blackton,4.01,3.94,3.67,4.96,4.71
Eggleston|Cloudlam,1.39,1.32,1.28,1.78,1.76
Eggleston|Ever Rigg,2.16,3.37,2.74,4.37,3.81
Eggleston|Neamour,4.23,4.0,4.32,4.91,5.17
Eggleston|North Sharnberry,6.14,6.37,5.48,7.49,6.63
Eggleston|Robin Weathers,3.73,5.46,4.59,6.68,5.76
Eggleston|South Sharnberry,7.71,7.15,6.19,8.32,7.31
Geltsdale|Middle,0.37,0.72,0.76,0.98,1.09
Grinton|Long Gill,4.03,4.14,5.23,6.49,7.22
Moor House|Behind House,0.0,0.0,0.05,0.0,0.1
Moor House|Trout Beck,0.0,0.01,0.01,0.03,0.08
Ramsgill|Raygill,1.33,1.39,1.66,2.72,2.78
Rosedale|Pits,4.49,4.46,5.0,5.99,6.46
Snilesworth|Lodge,10.42,10.79,11.07,13.1,13.09
Stags Fell|Beacon,0.2,0.12,0.12,0.37,0.5
Swinton|Potts,4.8,4.94,3.62,6.45,5.19
Wemmergill|Close House,0.16,0.3,0.07,0.39,0.13
Wemmergill|South Side,0.01,0.07,0.2,0.14,0.35
Westerdale|Tank,3.07,3.23,3.49,5.55,5.56
