run,boundaries,after_window,min_patch_ha,area_ha,mean_ha_per_season,pct_per_year,pct_seasons_zero,unchanged7_total_ha,pre2021_ha,post2021_ha,s2024_ha
v5 as reported (burn class only),v5,"04-01,06-01",0.5,2536.68,83.49,3.29,41.2,210.93,67.02,75.01,174.76
"v5 boundaries, v5 settings",v5,"04-01,06-01",0.5,2545.74,84.57,3.32,41.2,213.37,68.03,76.55,174.79
"v5 boundaries, v6 settings",v5,"04-16,07-01",0.1,2545.74,105.65,4.15,29.17,283.89,96.32,93.85,178.4
"v6 boundaries, v5 settings",v6,"04-01,06-01",0.5,4218.28,140.2,3.32,34.72,219.27,113.5,130.73,275.41
"v6 boundaries, 16 April window only",v6,"04-16,07-01",0.5,4218.28,135.09,3.2,34.26,215.16,119.01,124.86,230.14
"v6 boundaries, 0.1 ha patch only",v6,"04-01,06-01",0.1,4218.28,176.94,4.19,25.46,301.55,151.55,163.42,319.06
"v6 boundaries, 16 April start only",v6,"04-16,06-01",0.5,4218.28,136.18,3.23,33.33,230.0,112.31,129.5,251.71
"v6 boundaries, 16 April start and 0.1 ha",v6,"04-16,06-01",0.1,4218.28,171.67,4.07,25.93,308.88,148.81,160.78,295.82
"v6 boundaries, v6 settings (main run)",v6,"04-16,07-01",0.1,4218.28,170.07,4.03,23.15,290.85,155.39,154.06,276.81
