Moor,Count,Count_Type,GWCT_Region,season,pre_year,area_ha,moorland_ha,visible_ha,pct_visible,managed_ha,pct_of_area,pct_of_moorland,post_images_per_pixel
Bollihope,Catterick,Core,N.DALES,2017/18,2017,136.74,136.62,136.62,100.0,0.0,0.0,0.0,10.5
Bollihope,Pikestone Fell,Core,N.DALES,2017/18,2017,100.34,100.41,100.41,100.0,1.367,1.362,1.361,9.9
Crossgill,Dowks,Core,N.DALES,2017/18,2017,78.47,78.52,78.52,100.0,0.0,0.0,0.0,12.5
Crossgill,Greencastles,Core,N.DALES,2017/18,2017,71.26,71.31,71.31,100.0,0.0,0.0,0.0,14.1
Crossgill,Pants,Core,N.DALES,2017/18,2017,74.98,75.03,75.03,100.0,0.151,0.201,0.201,12.5
Dallowgill,Bishops,Core,S.DALES/PEAK,2017/18,2017,111.91,111.98,111.98,100.0,11.516,10.291,10.284,21.4
Danby,Glaisdale,Core,NYM,2017/18,2017,54.46,54.49,54.49,100.0,1.038,1.907,1.906,10.4
Danby,Low Moor,Core,NYM,2017/18,2017,87.92,87.97,87.97,100.0,2.059,2.342,2.341,10.1
Edmundbyers,Waskerley,Core,N.DALES,2017/18,2017,148.4,146.82,146.82,100.0,60.755,40.939,41.38,10.6
Eggleston,Between counts,Strip,N.DALES,2017/18,2017,370.94,354.95,354.95,100.0,9.634,2.597,2.714,11.2
Eggleston,Blackton,Core,N.DALES,2017/18,2017,289.68,286.66,286.66,100.0,4.134,1.427,1.442,11.6
Eggleston,Cloudlam,Core,N.DALES,2017/18,2017,239.0,224.4,224.4,100.0,0.756,0.316,0.337,11.2
Eggleston,Ever Rigg,Core,N.DALES,2017/18,2017,261.38,261.53,261.53,100.0,6.663,2.549,2.548,11.5
Eggleston,Neamour,Core,N.DALES,2017/18,2017,218.53,215.63,215.63,100.0,9.489,4.342,4.4,11.7
Eggleston,North Sharnberry,Core,N.DALES,2017/18,2017,178.77,178.74,178.74,100.0,3.625,2.028,2.028,10.8
Eggleston,Robin Weathers,Core,N.DALES,2017/18,2017,184.59,170.51,170.51,100.0,2.719,1.473,1.594,10.8
Eggleston,South Sharnberry,Core,N.DALES,2017/18,2017,185.24,173.07,173.07,100.0,7.749,4.183,4.477,10.8
Geltsdale,Middle,Core,N.DALES,2017/18,2017,262.78,262.69,262.69,100.0,6.045,2.3,2.301,10.6
Grinton,Long Gill,Core,N.DALES,2017/18,2017,91.14,91.18,86.65,95.0,14.755,16.189,16.182,5.6
Moor House,Behind House,Core,N.DALES,2017/18,2017,99.23,99.1,99.1,100.0,0.33,0.333,0.333,10.1
Moor House,Trout Beck,Core,N.DALES,2017/18,2017,211.17,211.32,211.32,100.0,0.139,0.066,0.066,11.3
Ramsgill,Raygill,Core,S.DALES/PEAK,2017/18,2017,91.69,88.12,88.12,100.0,4.267,4.654,4.842,24.9
Rosedale,Pits,Core,NYM,2017/18,2017,139.0,138.35,138.35,100.0,18.339,13.194,13.255,11.2
Snilesworth,Lodge,Core,NYM,2017/18,2017,73.15,72.88,72.88,100.0,10.561,14.436,14.491,11.7
Stags Fell,Beacon,Core,N.DALES,2017/18,2017,136.81,136.91,136.91,100.0,0.0,0.0,0.0,10.1
Swinton,Potts,Core,S.DALES/PEAK,2017/18,2017,96.98,97.05,97.05,100.0,14.479,14.93,14.919,11.6
Wemmergill,Close House,Core,N.DALES,2017/18,2017,212.46,212.61,212.61,100.0,0.0,0.0,0.0,11.2
Wemmergill,South Side,Core,N.DALES,2017/18,2017,283.66,283.86,283.86,100.0,0.0,0.0,0.0,11.2
Westerdale,Tank,Core,NYM,2017/18,2017,153.0,152.91,152.4,99.7,23.068,15.078,15.086,10.3
Bollihope,Catterick,Core,N.DALES,2018/19,2018,136.74,136.62,136.62,100.0,11.995,8.772,8.78,7.0
Bollihope,Pikestone Fell,Core,N.DALES,2018/19,2018,100.34,100.41,100.41,100.0,4.349,4.335,4.332,8.9
Crossgill,Dowks,Core,N.DALES,2018/19,2018,78.47,78.52,78.52,100.0,0.0,0.0,0.0,5.5
Crossgill,Greencastles,Core,N.DALES,2018/19,2018,71.26,71.31,71.31,100.0,0.0,0.0,0.0,5.5
Crossgill,Pants,Core,N.DALES,2018/19,2018,74.98,75.03,75.03,100.0,0.0,0.0,0.0,3.9
Dallowgill,Bishops,Core,S.DALES/PEAK,2018/19,2018,111.91,111.98,111.98,100.0,6.776,6.055,6.051,14.9
Danby,Glaisdale,Core,NYM,2018/19,2018,54.46,54.49,54.49,100.0,6.078,11.161,11.155,6.1
Danby,Low Moor,Core,NYM,2018/19,2018,87.92,87.97,87.97,100.0,2.503,2.846,2.845,6.0
Edmundbyers,Waskerley,Core,N.DALES,2018/19,2018,148.4,146.82,146.82,100.0,0.187,0.126,0.127,7.8
Eggleston,Between counts,Strip,N.DALES,2018/19,2018,370.94,354.95,354.95,100.0,38.704,10.434,10.904,5.3
Eggleston,Blackton,Core,N.DALES,2018/19,2018,289.68,286.66,286.66,100.0,16.888,5.83,5.891,5.5
Eggleston,Cloudlam,Core,N.DALES,2018/19,2018,239.0,224.4,224.4,100.0,11.071,4.632,4.933,5.4
Eggleston,Ever Rigg,Core,N.DALES,2018/19,2018,261.38,261.53,261.53,100.0,10.864,4.156,4.154,5.2
Eggleston,Neamour,Core,N.DALES,2018/19,2018,218.53,215.63,215.63,100.0,16.543,7.57,7.672,5.6
Eggleston,North Sharnberry,Core,N.DALES,2018/19,2018,178.77,178.74,178.74,100.0,22.803,12.755,12.757,6.8
Eggleston,Robin Weathers,Core,N.DALES,2018/19,2018,184.59,170.51,170.51,100.0,25.543,13.837,14.981,4.9
Eggleston,South Sharnberry,Core,N.DALES,2018/19,2018,185.24,173.07,173.07,100.0,34.195,18.46,19.758,5.2
Geltsdale,Middle,Core,N.DALES,2018/19,2018,262.78,262.69,262.69,100.0,0.629,0.239,0.239,3.3
Grinton,Long Gill,Core,N.DALES,2018/19,2018,91.14,91.18,91.18,100.0,3.456,3.792,3.79,1.9
Moor House,Behind House,Core,N.DALES,2018/19,2018,99.23,99.1,99.1,100.0,0.0,0.0,0.0,4.4
Moor House,Trout Beck,Core,N.DALES,2018/19,2018,211.17,211.32,211.32,100.0,0.0,0.0,0.0,3.7
Ramsgill,Raygill,Core,S.DALES/PEAK,2018/19,2018,91.69,88.12,88.12,100.0,10.082,10.995,11.44,14.5
Rosedale,Pits,Core,NYM,2018/19,2018,139.0,138.35,138.35,100.0,14.511,10.44,10.488,6.7
Snilesworth,Lodge,Core,NYM,2018/19,2018,73.15,72.88,72.88,100.0,10.415,14.237,14.291,6.3
Stags Fell,Beacon,Core,N.DALES,2018/19,2018,136.81,136.91,136.91,100.0,1.793,1.311,1.31,4.8
Swinton,Potts,Core,S.DALES/PEAK,2018/19,2018,96.98,97.05,97.05,100.0,11.256,11.606,11.598,7.7
Wemmergill,Close House,Core,N.DALES,2018/19,2018,212.46,212.61,212.61,100.0,3.389,1.595,1.594,3.9
Wemmergill,South Side,Core,N.DALES,2018/19,2018,283.66,283.86,283.86,100.0,0.341,0.12,0.12,4.3
Westerdale,Tank,Core,NYM,2018/19,2018,153.0,152.91,152.91,100.0,17.448,11.404,11.411,6.0
Bollihope,Catterick,Core,N.DALES,2019/20,2019,136.74,136.62,136.62,100.0,0.0,0.0,0.0,7.5
Bollihope,Pikestone Fell,Core,N.DALES,2019/20,2019,100.34,100.41,100.41,100.0,3.577,3.565,3.563,9.4
Crossgill,Dowks,Core,N.DALES,2019/20,2019,78.47,78.52,78.52,100.0,0.0,0.0,0.0,7.1
Crossgill,Greencastles,Core,N.DALES,2019/20,2019,71.26,71.31,71.31,100.0,0.0,0.0,0.0,7.1
Crossgill,Pants,Core,N.DALES,2019/20,2019,74.98,75.03,75.03,100.0,0.0,0.0,0.0,8.2
Dallowgill,Bishops,Core,S.DALES/PEAK,2019/20,2019,111.91,111.98,111.98,100.0,8.517,7.611,7.606,19.5
Danby,Glaisdale,Core,NYM,2019/20,2019,54.46,54.49,54.49,100.0,4.384,8.05,8.045,9.0
Danby,Low Moor,Core,NYM,2019/20,2019,87.92,87.97,87.97,100.0,15.661,17.812,17.803,12.3
Edmundbyers,Waskerley,Core,N.DALES,2019/20,2019,148.4,146.82,146.82,100.0,20.842,14.044,14.195,8.3
Eggleston,Between counts,Strip,N.DALES,2019/20,2019,370.94,354.95,354.95,100.0,15.207,4.1,4.284,7.8
Eggleston,Blackton,Core,N.DALES,2019/20,2019,289.68,286.66,286.66,100.0,9.081,3.135,3.168,7.8
Eggleston,Cloudlam,Core,N.DALES,2019/20,2019,239.0,224.4,224.4,100.0,3.966,1.66,1.767,7.7
Eggleston,Ever Rigg,Core,N.DALES,2019/20,2019,261.38,261.53,261.53,100.0,19.963,7.638,7.633,7.2
Eggleston,Neamour,Core,N.DALES,2019/20,2019,218.53,215.63,215.63,100.0,1.108,0.507,0.514,8.3
Eggleston,North Sharnberry,Core,N.DALES,2019/20,2019,178.77,178.74,178.74,100.0,3.829,2.142,2.142,7.7
Eggleston,Robin Weathers,Core,N.DALES,2019/20,2019,184.59,170.51,170.51,100.0,8.333,4.514,4.887,8.3
Eggleston,South Sharnberry,Core,N.DALES,2019/20,2019,185.24,173.07,173.07,100.0,3.665,1.978,2.117,8.1
Geltsdale,Middle,Core,N.DALES,2019/20,2019,262.78,262.69,262.69,100.0,0.0,0.0,0.0,7.6
Grinton,Long Gill,Core,N.DALES,2019/20,2019,91.14,91.18,91.18,100.0,4.721,5.18,5.178,3.6
Moor House,Behind House,Core,N.DALES,2019/20,2019,99.23,99.1,99.1,100.0,0.0,0.0,0.0,7.4
Moor House,Trout Beck,Core,N.DALES,2019/20,2019,211.17,211.32,211.32,100.0,0.0,0.0,0.0,8.2
Ramsgill,Raygill,Core,S.DALES/PEAK,2019/20,2019,91.69,88.12,88.12,100.0,0.0,0.0,0.0,21.8
Rosedale,Pits,Core,NYM,2019/20,2019,139.0,138.35,138.35,100.0,35.955,25.867,25.988,10.7
Snilesworth,Lodge,Core,NYM,2019/20,2019,73.15,72.88,72.88,100.0,29.119,39.804,39.956,9.5
Stags Fell,Beacon,Core,N.DALES,2019/20,2019,136.81,136.91,136.91,100.0,0.0,0.0,0.0,8.8
Swinton,Potts,Core,S.DALES/PEAK,2019/20,2019,96.98,97.05,97.05,100.0,3.136,3.233,3.231,10.8
Wemmergill,Close House,Core,N.DALES,2019/20,2019,212.46,212.61,212.61,100.0,0.0,0.0,0.0,6.8
Wemmergill,South Side,Core,N.DALES,2019/20,2019,283.66,283.86,283.86,100.0,0.279,0.098,0.098,7.5
Westerdale,Tank,Core,NYM,2019/20,2019,153.0,152.91,152.91,100.0,22.481,14.694,14.703,9.8
Bollihope,Catterick,Core,N.DALES,2020/21,2020,136.74,136.62,136.62,100.0,0.717,0.524,0.525,8.8
Bollihope,Pikestone Fell,Core,N.DALES,2020/21,2020,100.34,100.41,100.41,100.0,1.3,1.296,1.295,10.0
Crossgill,Dowks,Core,N.DALES,2020/21,2020,78.47,78.52,78.52,100.0,0.0,0.0,0.0,8.6
Crossgill,Greencastles,Core,N.DALES,2020/21,2020,71.26,71.31,71.31,100.0,0.0,0.0,0.0,8.1
Crossgill,Pants,Core,N.DALES,2020/21,2020,74.98,75.03,75.03,100.0,0.0,0.0,0.0,7.4
Dallowgill,Bishops,Core,S.DALES/PEAK,2020/21,2020,111.91,111.98,111.98,100.0,10.75,9.606,9.6,13.5
Danby,Glaisdale,Core,NYM,2020/21,2020,54.46,54.49,54.49,100.0,1.557,2.858,2.857,7.2
Danby,Low Moor,Core,NYM,2020/21,2020,87.92,87.97,87.97,100.0,2.562,2.914,2.913,7.4
Edmundbyers,Waskerley,Core,N.DALES,2020/21,2020,148.4,146.82,146.82,100.0,0.662,0.446,0.451,8.6
Eggleston,Between counts,Strip,N.DALES,2020/21,2020,370.94,354.95,354.95,100.0,17.321,4.669,4.88,9.0
Eggleston,Blackton,Core,N.DALES,2020/21,2020,289.68,286.66,286.66,100.0,15.857,5.474,5.532,9.3
Eggleston,Cloudlam,Core,N.DALES,2020/21,2020,239.0,224.4,224.4,100.0,4.519,1.891,2.014,9.3
Eggleston,Ever Rigg,Core,N.DALES,2020/21,2020,261.38,261.53,261.53,100.0,6.614,2.531,2.529,8.8
Eggleston,Neamour,Core,N.DALES,2020/21,2020,218.53,215.63,215.63,100.0,17.438,7.98,8.087,9.2
Eggleston,North Sharnberry,Core,N.DALES,2020/21,2020,178.77,178.74,178.74,100.0,18.841,10.539,10.541,8.6
Eggleston,Robin Weathers,Core,N.DALES,2020/21,2020,184.59,170.51,170.51,100.0,8.589,4.653,5.037,9.3
Eggleston,South Sharnberry,Core,N.DALES,2020/21,2020,185.24,173.07,173.07,100.0,24.393,13.169,14.094,8.9
Geltsdale,Middle,Core,N.DALES,2020/21,2020,262.78,262.69,262.69,100.0,17.954,6.832,6.835,6.5
Grinton,Long Gill,Core,N.DALES,2020/21,2020,91.14,91.18,91.18,100.0,0.629,0.691,0.69,5.9
Moor House,Behind House,Core,N.DALES,2020/21,2020,99.23,99.1,99.1,100.0,0.0,0.0,0.0,8.6
Moor House,Trout Beck,Core,N.DALES,2020/21,2020,211.17,211.32,211.32,100.0,0.608,0.288,0.288,6.8
Ramsgill,Raygill,Core,S.DALES/PEAK,2020/21,2020,91.69,88.12,88.12,100.0,2.202,2.401,2.498,13.1
Rosedale,Pits,Core,NYM,2020/21,2020,139.0,138.35,138.35,100.0,0.0,0.0,0.0,9.2
Snilesworth,Lodge,Core,NYM,2020/21,2020,73.15,72.88,72.88,100.0,2.676,3.658,3.672,7.9
Stags Fell,Beacon,Core,N.DALES,2020/21,2020,136.81,136.91,136.91,100.0,0.0,0.0,0.0,7.1
Swinton,Potts,Core,S.DALES/PEAK,2020/21,2020,96.98,97.05,97.05,100.0,0.094,0.097,0.097,5.8
Wemmergill,Close House,Core,N.DALES,2020/21,2020,212.46,212.61,212.61,100.0,0.0,0.0,0.0,7.4
Wemmergill,South Side,Core,N.DALES,2020/21,2020,283.66,283.86,283.86,100.0,0.0,0.0,0.0,9.7
Westerdale,Tank,Core,NYM,2020/21,2020,153.0,152.91,152.91,100.0,6.981,4.563,4.565,10.3
Bollihope,Catterick,Core,N.DALES,2021/22,2021,136.74,136.62,136.62,100.0,1.453,1.063,1.064,6.5
Bollihope,Pikestone Fell,Core,N.DALES,2021/22,2021,100.34,100.41,100.41,100.0,3.935,3.922,3.919,4.9
Crossgill,Dowks,Core,N.DALES,2021/22,2021,78.47,78.52,78.52,100.0,0.0,0.0,0.0,4.0
Crossgill,Greencastles,Core,N.DALES,2021/22,2021,71.26,71.31,71.31,100.0,0.093,0.13,0.13,3.9
Crossgill,Pants,Core,N.DALES,2021/22,2021,74.98,75.03,75.03,100.0,1.809,2.413,2.411,3.5
Dallowgill,Bishops,Core,S.DALES/PEAK,2021/22,2021,111.91,111.98,111.98,100.0,3.418,3.054,3.052,13.4
Danby,Glaisdale,Core,NYM,2021/22,2021,54.46,54.49,54.49,100.0,0.809,1.485,1.484,7.0
Danby,Low Moor,Core,NYM,2021/22,2021,87.92,87.97,87.97,100.0,6.557,7.458,7.454,5.8
Edmundbyers,Waskerley,Core,N.DALES,2021/22,2021,148.4,146.82,146.82,100.0,67.97,45.8,46.294,4.4
Eggleston,Between counts,Strip,N.DALES,2021/22,2021,370.94,354.95,354.95,100.0,44.675,12.044,12.586,4.9
Eggleston,Blackton,Core,N.DALES,2021/22,2021,289.68,286.66,286.66,100.0,25.33,8.744,8.836,3.9
Eggleston,Cloudlam,Core,N.DALES,2021/22,2021,239.0,224.4,224.4,100.0,6.134,2.566,2.733,5.3
Eggleston,Ever Rigg,Core,N.DALES,2021/22,2021,261.38,261.53,261.53,100.0,15.27,5.842,5.839,4.9
Eggleston,Neamour,Core,N.DALES,2021/22,2021,218.53,215.63,215.63,100.0,25.949,11.874,12.034,4.4
Eggleston,North Sharnberry,Core,N.DALES,2021/22,2021,178.77,178.74,178.74,100.0,16.356,9.149,9.151,6.3
Eggleston,Robin Weathers,Core,N.DALES,2021/22,2021,184.59,170.51,170.51,100.0,12.716,6.889,7.458,5.5
Eggleston,South Sharnberry,Core,N.DALES,2021/22,2021,185.24,173.07,173.07,100.0,11.33,6.116,6.546,5.9
Geltsdale,Middle,Core,N.DALES,2021/22,2021,262.78,262.69,262.69,100.0,5.217,1.985,1.986,3.4
Grinton,Long Gill,Core,N.DALES,2021/22,2021,91.14,91.18,91.18,100.0,22.393,24.57,24.558,2.0
Moor House,Behind House,Core,N.DALES,2021/22,2021,99.23,99.1,99.1,100.0,0.0,0.0,0.0,3.2
Moor House,Trout Beck,Core,N.DALES,2021/22,2021,211.17,211.32,211.32,100.0,0.558,0.264,0.264,2.6
Ramsgill,Raygill,Core,S.DALES/PEAK,2021/22,2021,91.69,88.12,88.12,100.0,0.511,0.557,0.58,7.2
Rosedale,Pits,Core,NYM,2021/22,2021,139.0,138.35,138.35,100.0,0.122,0.088,0.088,6.4
Snilesworth,Lodge,Core,NYM,2021/22,2021,73.15,72.88,72.88,100.0,0.017,0.024,0.024,5.2
Stags Fell,Beacon,Core,N.DALES,2021/22,2021,136.81,136.91,131.53,96.1,3.104,2.269,2.268,2.4
Swinton,Potts,Core,S.DALES/PEAK,2021/22,2021,96.98,97.05,97.05,100.0,10.573,10.902,10.895,5.0
Wemmergill,Close House,Core,N.DALES,2021/22,2021,212.46,212.61,212.61,100.0,0.043,0.02,0.02,2.9
Wemmergill,South Side,Core,N.DALES,2021/22,2021,283.66,283.86,283.86,100.0,0.0,0.0,0.0,3.0
Westerdale,Tank,Core,NYM,2021/22,2021,153.0,152.91,152.91,100.0,1.499,0.98,0.981,5.3
Bollihope,Catterick,Core,N.DALES,2022/23,2022,136.74,136.62,136.62,100.0,0.162,0.119,0.119,6.8
Bollihope,Pikestone Fell,Core,N.DALES,2022/23,2022,100.34,100.41,100.41,100.0,43.212,43.066,43.035,6.5
Crossgill,Dowks,Core,N.DALES,2022/23,2022,78.47,78.52,78.52,100.0,0.839,1.069,1.068,5.3
Crossgill,Greencastles,Core,N.DALES,2022/23,2022,71.26,71.31,71.31,100.0,0.0,0.0,0.0,3.5
Crossgill,Pants,Core,N.DALES,2022/23,2022,74.98,75.03,75.03,100.0,4.028,5.372,5.368,5.4
Dallowgill,Bishops,Core,S.DALES/PEAK,2022/23,2022,111.91,111.98,111.98,100.0,8.25,7.372,7.367,14.8
Danby,Glaisdale,Core,NYM,2022/23,2022,54.46,54.49,54.49,100.0,0.773,1.42,1.419,10.3
Danby,Low Moor,Core,NYM,2022/23,2022,87.92,87.97,87.97,100.0,8.57,9.747,9.742,10.1
Edmundbyers,Waskerley,Core,N.DALES,2022/23,2022,148.4,146.82,146.82,100.0,0.0,0.0,0.0,4.9
Eggleston,Between counts,Strip,N.DALES,2022/23,2022,370.94,354.95,354.95,100.0,19.961,5.381,5.624,7.3
Eggleston,Blackton,Core,N.DALES,2022/23,2022,289.68,286.66,286.66,100.0,11.441,3.95,3.991,7.6
Eggleston,Cloudlam,Core,N.DALES,2022/23,2022,239.0,224.4,224.4,100.0,6.964,2.914,3.103,7.5
Eggleston,Ever Rigg,Core,N.DALES,2022/23,2022,261.38,261.53,261.53,100.0,26.356,10.083,10.078,7.9
Eggleston,Neamour,Core,N.DALES,2022/23,2022,218.53,215.63,215.63,100.0,1.877,0.859,0.87,7.3
Eggleston,North Sharnberry,Core,N.DALES,2022/23,2022,178.77,178.74,178.74,100.0,9.356,5.233,5.234,6.5
Eggleston,Robin Weathers,Core,N.DALES,2022/23,2022,184.59,170.51,170.51,100.0,12.356,6.694,7.247,7.3
Eggleston,South Sharnberry,Core,N.DALES,2022/23,2022,185.24,173.07,173.07,100.0,7.276,3.928,4.204,6.8
Geltsdale,Middle,Core,N.DALES,2022/23,2022,262.78,262.69,262.69,100.0,12.108,4.607,4.609,5.7
Grinton,Long Gill,Core,N.DALES,2022/23,2022,91.14,91.18,91.18,100.0,0.291,0.319,0.319,3.9
Moor House,Behind House,Core,N.DALES,2022/23,2022,99.23,99.1,99.1,100.0,2.12,2.137,2.14,5.4
Moor House,Trout Beck,Core,N.DALES,2022/23,2022,211.17,211.32,211.32,100.0,2.636,1.248,1.248,5.2
Ramsgill,Raygill,Core,S.DALES/PEAK,2022/23,2022,91.69,88.12,88.12,100.0,7.082,7.724,8.037,13.8
Rosedale,Pits,Core,NYM,2022/23,2022,139.0,138.35,138.35,100.0,4.911,3.533,3.549,9.7
Snilesworth,Lodge,Core,NYM,2022/23,2022,73.15,72.88,72.88,100.0,1.995,2.727,2.738,8.2
Stags Fell,Beacon,Core,N.DALES,2022/23,2022,136.81,136.91,136.91,100.0,4.804,3.511,3.509,4.9
Swinton,Potts,Core,S.DALES/PEAK,2022/23,2022,96.98,97.05,97.05,100.0,4.208,4.339,4.336,6.5
Wemmergill,Close House,Core,N.DALES,2022/23,2022,212.46,212.61,212.61,100.0,0.122,0.057,0.057,5.5
Wemmergill,South Side,Core,N.DALES,2022/23,2022,283.66,283.86,283.86,100.0,2.33,0.821,0.821,4.6
Westerdale,Tank,Core,NYM,2022/23,2022,153.0,152.91,152.91,100.0,7.471,4.883,4.886,9.3
Bollihope,Catterick,Core,N.DALES,2023/24,2023,136.74,136.62,136.62,100.0,8.029,5.872,5.877,5.6
Bollihope,Pikestone Fell,Core,N.DALES,2023/24,2023,100.34,100.41,100.41,100.0,6.634,6.611,6.606,3.6
Crossgill,Dowks,Core,N.DALES,2023/24,2023,78.47,78.52,78.52,100.0,1.639,2.089,2.088,2.9
Crossgill,Greencastles,Core,N.DALES,2023/24,2023,71.26,71.31,71.31,100.0,1.648,2.313,2.311,3.1
Crossgill,Pants,Core,N.DALES,2023/24,2023,74.98,75.03,74.98,99.9,0.064,0.085,0.085,3.5
Dallowgill,Bishops,Core,S.DALES/PEAK,2023/24,2023,111.91,111.98,111.98,100.0,9.074,8.108,8.103,11.7
Danby,Glaisdale,Core,NYM,2023/24,2023,54.46,54.49,54.49,100.0,3.137,5.761,5.758,6.0
Danby,Low Moor,Core,NYM,2023/24,2023,87.92,87.97,87.97,100.0,11.625,13.222,13.216,5.1
Edmundbyers,Waskerley,Core,N.DALES,2023/24,2023,148.4,146.82,146.82,100.0,1.037,0.699,0.706,5.4
Eggleston,Between counts,Strip,N.DALES,2023/24,2023,370.94,354.95,354.95,100.0,12.09,3.259,3.406,4.8
Eggleston,Blackton,Core,N.DALES,2023/24,2023,289.68,286.66,286.66,100.0,4.971,1.716,1.734,5.0
Eggleston,Cloudlam,Core,N.DALES,2023/24,2023,239.0,224.4,224.4,100.0,5.785,2.421,2.578,4.5
Eggleston,Ever Rigg,Core,N.DALES,2023/24,2023,261.38,261.53,261.53,100.0,6.138,2.348,2.347,4.6
Eggleston,Neamour,Core,N.DALES,2023/24,2023,218.53,215.63,215.63,100.0,6.973,3.191,3.234,4.8
Eggleston,North Sharnberry,Core,N.DALES,2023/24,2023,178.77,178.74,178.74,100.0,23.474,13.131,13.133,5.5
Eggleston,Robin Weathers,Core,N.DALES,2023/24,2023,184.59,170.51,170.51,100.0,10.769,5.834,6.316,4.8
Eggleston,South Sharnberry,Core,N.DALES,2023/24,2023,185.24,173.07,173.07,100.0,13.039,7.039,7.534,5.3
Geltsdale,Middle,Core,N.DALES,2023/24,2023,262.78,262.69,261.63,99.6,4.035,1.535,1.536,3.9
Grinton,Long Gill,Core,N.DALES,2023/24,2023,91.14,91.18,91.18,100.0,10.18,11.17,11.165,3.6
Moor House,Behind House,Core,N.DALES,2023/24,2023,99.23,99.1,99.1,100.0,0.0,0.0,0.0,4.8
Moor House,Trout Beck,Core,N.DALES,2023/24,2023,211.17,211.32,211.32,100.0,0.0,0.0,0.0,4.2
Ramsgill,Raygill,Core,S.DALES/PEAK,2023/24,2023,91.69,88.12,88.12,100.0,2.222,2.423,2.521,9.0
Rosedale,Pits,Core,NYM,2023/24,2023,139.0,138.35,138.35,100.0,6.115,4.4,4.42,5.3
Snilesworth,Lodge,Core,NYM,2023/24,2023,73.15,72.88,72.88,100.0,12.491,17.074,17.14,5.0
Stags Fell,Beacon,Core,N.DALES,2023/24,2023,136.81,136.91,136.91,100.0,0.0,0.0,0.0,5.3
Swinton,Potts,Core,S.DALES/PEAK,2023/24,2023,96.98,97.05,97.05,100.0,4.549,4.691,4.687,3.9
Wemmergill,Close House,Core,N.DALES,2023/24,2023,212.46,212.61,212.61,100.0,0.0,0.0,0.0,4.2
Wemmergill,South Side,Core,N.DALES,2023/24,2023,283.66,283.86,283.86,100.0,0.354,0.125,0.125,3.8
Westerdale,Tank,Core,NYM,2023/24,2023,153.0,152.91,152.91,100.0,5.057,3.305,3.307,6.6
Bollihope,Catterick,Core,N.DALES,2024/25,2024,136.74,136.62,136.62,100.0,16.975,12.414,12.425,9.1
Bollihope,Pikestone Fell,Core,N.DALES,2024/25,2024,100.34,100.41,100.41,100.0,1.077,1.074,1.073,9.2
Crossgill,Dowks,Core,N.DALES,2024/25,2024,78.47,78.52,78.52,100.0,0.0,0.0,0.0,8.3
Crossgill,Greencastles,Core,N.DALES,2024/25,2024,71.26,71.31,71.31,100.0,0.0,0.0,0.0,9.0
Crossgill,Pants,Core,N.DALES,2024/25,2024,74.98,75.03,75.03,100.0,0.757,1.009,1.008,6.5
Dallowgill,Bishops,Core,S.DALES/PEAK,2024/25,2024,111.91,111.98,111.98,100.0,5.984,5.347,5.344,20.4
Danby,Glaisdale,Core,NYM,2024/25,2024,54.46,54.49,54.49,100.0,3.859,7.087,7.083,13.1
Danby,Low Moor,Core,NYM,2024/25,2024,87.92,87.97,87.97,100.0,7.626,8.673,8.669,12.1
Edmundbyers,Waskerley,Core,N.DALES,2024/25,2024,148.4,146.82,146.82,100.0,65.768,44.317,44.795,10.9
Eggleston,Between counts,Strip,N.DALES,2024/25,2024,370.94,354.95,354.95,100.0,41.998,11.322,11.832,7.5
Eggleston,Blackton,Core,N.DALES,2024/25,2024,289.68,286.66,286.66,100.0,47.842,16.515,16.69,6.3
Eggleston,Cloudlam,Core,N.DALES,2024/25,2024,239.0,224.4,224.4,100.0,9.336,3.906,4.16,8.3
Eggleston,Ever Rigg,Core,N.DALES,2024/25,2024,261.38,261.53,261.53,100.0,13.242,5.066,5.063,7.3
Eggleston,Neamour,Core,N.DALES,2024/25,2024,218.53,215.63,215.63,100.0,31.556,14.44,14.635,6.0
Eggleston,North Sharnberry,Core,N.DALES,2024/25,2024,178.77,178.74,178.74,100.0,19.142,10.708,10.71,8.5
Eggleston,Robin Weathers,Core,N.DALES,2024/25,2024,184.59,170.51,170.51,100.0,25.514,13.822,14.964,8.5
Eggleston,South Sharnberry,Core,N.DALES,2024/25,2024,185.24,173.07,173.07,100.0,28.614,15.447,16.533,7.8
Geltsdale,Middle,Core,N.DALES,2024/25,2024,262.78,262.69,262.69,100.0,0.0,0.0,0.0,9.5
Grinton,Long Gill,Core,N.DALES,2024/25,2024,91.14,91.18,91.18,100.0,10.926,11.988,11.982,1.3
Moor House,Behind House,Core,N.DALES,2024/25,2024,99.23,99.1,99.1,100.0,0.0,0.0,0.0,8.8
Moor House,Trout Beck,Core,N.DALES,2024/25,2024,211.17,211.32,211.32,100.0,0.0,0.0,0.0,7.0
Ramsgill,Raygill,Core,S.DALES/PEAK,2024/25,2024,91.69,88.12,88.12,100.0,0.523,0.57,0.593,16.1
Rosedale,Pits,Core,NYM,2024/25,2024,139.0,138.35,138.35,100.0,6.761,4.864,4.887,10.9
Snilesworth,Lodge,Core,NYM,2024/25,2024,73.15,72.88,72.88,100.0,27.567,37.683,37.827,13.3
Stags Fell,Beacon,Core,N.DALES,2024/25,2024,136.81,136.91,136.91,100.0,0.0,0.0,0.0,9.1
Swinton,Potts,Core,S.DALES/PEAK,2024/25,2024,96.98,97.05,97.05,100.0,1.236,1.274,1.274,9.4
Wemmergill,Close House,Core,N.DALES,2024/25,2024,212.46,212.61,212.61,100.0,0.0,0.0,0.0,8.6
Wemmergill,South Side,Core,N.DALES,2024/25,2024,283.66,283.86,283.86,100.0,11.466,4.042,4.039,9.5
Westerdale,Tank,Core,NYM,2024/25,2024,153.0,152.91,152.91,100.0,2.31,1.51,1.511,13.1
Bollihope,Catterick,Core,N.DALES,2025/26,2025,136.74,136.62,136.62,100.0,7.599,5.557,5.562,9.5
Bollihope,Pikestone Fell,Core,N.DALES,2025/26,2025,100.34,100.41,100.41,100.0,10.018,9.984,9.977,9.1
Crossgill,Dowks,Core,N.DALES,2025/26,2025,78.47,78.52,78.52,100.0,0.0,0.0,0.0,5.4
Crossgill,Greencastles,Core,N.DALES,2025/26,2025,71.26,71.31,71.31,100.0,0.0,0.0,0.0,7.7
Crossgill,Pants,Core,N.DALES,2025/26,2025,74.98,75.03,75.03,100.0,0.0,0.0,0.0,5.7
Dallowgill,Bishops,Core,S.DALES/PEAK,2025/26,2025,111.91,111.98,111.98,100.0,1.968,1.759,1.758,21.3
Danby,Glaisdale,Core,NYM,2025/26,2025,54.46,54.49,54.49,100.0,1.323,2.43,2.428,12.9
Danby,Low Moor,Core,NYM,2025/26,2025,87.92,87.97,87.97,100.0,0.741,0.843,0.842,12.6
Edmundbyers,Waskerley,Core,N.DALES,2025/26,2025,148.4,146.82,146.82,100.0,2.87,1.934,1.955,11.6
Eggleston,Between counts,Strip,N.DALES,2025/26,2025,370.94,354.95,354.95,100.0,36.554,9.854,10.298,7.3
Eggleston,Blackton,Core,N.DALES,2025/26,2025,289.68,286.66,286.66,100.0,10.726,3.703,3.742,7.0
Eggleston,Cloudlam,Core,N.DALES,2025/26,2025,239.0,224.4,224.4,100.0,33.166,13.877,14.78,6.9
Eggleston,Ever Rigg,Core,N.DALES,2025/26,2025,261.38,261.53,261.53,100.0,46.394,17.749,17.739,7.0
Eggleston,Neamour,Core,N.DALES,2025/26,2025,218.53,215.63,215.63,100.0,5.291,2.421,2.454,8.6
Eggleston,North Sharnberry,Core,N.DALES,2025/26,2025,178.77,178.74,178.74,100.0,20.957,11.723,11.725,8.7
Eggleston,Robin Weathers,Core,N.DALES,2025/26,2025,184.59,170.51,170.51,100.0,26.145,14.164,15.334,7.5
Eggleston,South Sharnberry,Core,N.DALES,2025/26,2025,185.24,173.07,173.07,100.0,17.785,9.601,10.276,8.3
Geltsdale,Middle,Core,N.DALES,2025/26,2025,262.78,262.69,262.69,100.0,0.346,0.132,0.132,7.7
Grinton,Long Gill,Core,N.DALES,2025/26,2025,91.14,91.18,91.18,100.0,3.782,4.149,4.148,5.6
Moor House,Behind House,Core,N.DALES,2025/26,2025,99.23,99.1,99.1,100.0,0.0,0.0,0.0,7.1
Moor House,Trout Beck,Core,N.DALES,2025/26,2025,211.17,211.32,211.32,100.0,0.0,0.0,0.0,6.4
Ramsgill,Raygill,Core,S.DALES/PEAK,2025/26,2025,91.69,88.12,88.12,100.0,0.0,0.0,0.0,20.0
Rosedale,Pits,Core,NYM,2025/26,2025,139.0,138.35,138.35,100.0,0.665,0.479,0.481,7.6
Snilesworth,Lodge,Core,NYM,2025/26,2025,73.15,72.88,72.88,100.0,1.659,2.268,2.277,8.4
Stags Fell,Beacon,Core,N.DALES,2025/26,2025,136.81,136.91,136.91,100.0,0.32,0.234,0.234,7.5
Swinton,Potts,Core,S.DALES/PEAK,2025/26,2025,96.98,97.05,97.05,100.0,2.064,2.128,2.127,12.0
Wemmergill,Close House,Core,N.DALES,2025/26,2025,212.46,212.61,212.61,100.0,0.0,0.0,0.0,5.9
Wemmergill,South Side,Core,N.DALES,2025/26,2025,283.66,283.86,283.86,100.0,0.0,0.0,0.0,6.0
Westerdale,Tank,Core,NYM,2025/26,2025,153.0,152.91,152.91,100.0,9.214,6.023,6.026,7.6
