Moor,Count,season,area_ha,clear_looks,burn_ha,cut_wf_ha,total_ha,pct_burned,pct_total
Bollihope,Catterick,2017/18,74.58632913727754,30.835874788170003,0.0,0.8683447006225586,0.8683447006225586,0.0,1.1642142878815687
Bollihope,Pikestone Fell,2017/18,42.902318635274874,31.261140253006616,0.0,0.0,0.0,0.0,0.0
Crossgill,Dowks,2017/18,31.08260629652129,25.62618750149903,0.0,0.0,0.0,0.0,0.0
Crossgill,Greencastles,2017/18,26.628083287305753,25.19713770531289,0.0,0.0,0.0,0.0,0.0
Crossgill,Pants,2017/18,29.160706276596454,27.430905689098452,0.0,0.0,0.0,0.0,0.0
Dallowgill,Bishops,2017/18,111.47834876987581,65.15559314947511,3.5783740160743864,0.0,3.5783740160743864,3.209927358595171,3.209927358595171
Danby,Low Moor,2017/18,87.70401056452208,35.5113039867239,0.3144402606964111,0.0,0.3144402606964111,0.35852438066681536,0.35852438066681536
Edmundbyers,Waskerley,2017/18,66.50757282432203,32.176979711941996,19.251341165167126,0.0,19.251341165167126,28.946088915346568,28.946088915346568
Eggleston,Blackton,2017/18,164.98795292235468,33.23156146630974,1.5604471199035646,0.0,1.5604471199035646,0.9457945821280236,0.9457945821280236
Eggleston,Cloudlam,2017/18,134.59939090618047,32.87745719598302,0.0,0.0,0.0,0.0,0.0
Eggleston,Ever Rigg,2017/18,149.33984054448868,32.24476482386245,2.1203765857711487,0.033341692911783856,2.1537182786829328,1.4198331657783467,1.4421592194223183
Eggleston,Neamour,2017/18,120.714597066847,32.1774830962257,0.9819942416441676,0.0,0.9819942416441676,0.813484255843871,0.813484255843871
Eggleston,North Sharnberry,2017/18,97.32376550212254,35.0995455260563,0.35544077601264507,0.0,0.35544077601264507,0.3652147799448771,0.3652147799448771
Eggleston,Robin Weathers,2017/18,100.1610248683012,34.537265479049644,0.7059957250782087,0.30725455169677734,1.013250276774986,0.7048607240256396,1.0116213148849857
Eggleston,South Sharnberry,2017/18,101.28444988395324,34.12184294508364,4.810701360321045,0.0,4.810701360321045,4.749693922248588,4.749693922248588
Geltsdale,Middle,2017/18,150.14374979707756,24.22190343373633,0.6307256712191712,0.0,0.6307256712191712,0.4200812035609942,0.4200812035609942
Grinton,Long Gill,2017/18,90.61082745363153,17.995364935830302,3.980164144260182,0.31181666466656854,4.29198080892675,4.392592205712899,4.736719583675686
Moor House,Behind House,2017/18,98.86302467197125,24.281915547118874,0.0,0.0,0.0,0.0,0.0
Moor House,Trout Beck,2017/18,108.91957379927427,25.294619925814583,0.0,0.0,0.0,0.0,0.0
Ramsgill,Raygill,2017/18,91.38023093282762,72.97413578717985,0.6137298792416436,0.5164795271435906,1.1302094063852341,0.6716221582902195,1.2368204751157128
Rosedale,Pits,2017/18,70.17981166292553,33.12566703090004,5.954167963194006,0.0,5.954167963194006,8.484160646927846,8.484160646927846
Snilesworth,Lodge,2017/18,72.76746974417948,32.0927573480334,7.2789344871700505,0.0,7.2789344871700505,10.003006168497809,10.003006168497809
Stags Fell,Beacon,2017/18,76.72072508888196,28.59515855722129,0.0,0.0,0.0,0.0,0.0
Swinton,Potts,2017/18,97.07720850505189,31.64062570379414,9.066867499967092,1.9400459931332459,11.006913493100338,9.339851896848943,11.338308612909424
Wemmergill,Close House,2017/18,104.60843402257282,24.685130439775698,0.0,0.0,0.0,0.0,0.0
Wemmergill,South Side,2017/18,152.63973968330401,26.479189777454273,0.0,0.0,0.0,0.0,0.0
Westerdale,Tank,2017/18,84.31274286264185,31.968810803989946,4.2610465972661045,0.6703493547865924,4.931395952052696,5.0538583523584215,5.848933132310359
Bollihope,Catterick,2018/19,74.58632913727754,32.799905509882954,2.6517035263914224,0.0,2.6517035263914224,3.555213880429632,3.555213880429632
Bollihope,Pikestone Fell,2018/19,42.902318635274874,34.35938940277362,0.5118150888809503,0.0,0.5118150888809503,1.1929776878309064,1.1929776878309064
Crossgill,Dowks,2018/19,31.08260629652129,23.372927982045127,0.0,0.0,0.0,0.0,0.0
Crossgill,Greencastles,2018/19,26.628083287305753,21.57189068524428,0.0,0.0,0.0,0.0,0.0
Crossgill,Pants,2018/19,29.160706276596454,19.42027806067483,0.0,0.0,0.0,0.0,0.0
Dallowgill,Bishops,2018/19,111.47834876987581,63.4642443279225,1.8268160697937013,0.0,1.8268160697937013,1.6387182712625108,1.6387182712625108
Danby,Low Moor,2018/19,87.70401056452208,33.67492743186834,1.552575515015546,0.0,1.552575515015546,1.7702446045763751,1.7702446045763751
Edmundbyers,Waskerley,2018/19,66.50757282432203,33.24449419590191,0.0,0.0,0.0,0.0,0.0
Eggleston,Blackton,2018/19,164.98795292235468,26.917834037854416,7.221580329687084,0.31326918334960935,7.5348495130366935,4.377034929990098,4.566908904302052
Eggleston,Cloudlam,2018/19,134.59939090618047,29.143247153940113,3.382487704253859,0.0,3.382487704253859,2.5130037227371607,2.5130037227371607
Eggleston,Ever Rigg,2018/19,149.33984054448868,27.354644001956796,0.0,0.0,0.0,0.0,0.0
Eggleston,Neamour,2018/19,120.714597066847,27.56530910899099,6.482199957837872,0.0,6.482199957837872,5.369855937346403,5.369855937346403
Eggleston,North Sharnberry,2018/19,97.32376550212254,31.841111893729675,7.341607812212801,0.0,7.341607812212801,7.5434892745212245,7.5434892745212245
Eggleston,Robin Weathers,2018/19,100.1610248683012,27.99079115267242,5.272966081925934,0.3738559294233135,5.646822011349247,5.264488945534655,5.637743841752905
Eggleston,South Sharnberry,2018/19,101.28444988395324,30.50364985517828,12.422017406358894,0.0,12.422017406358894,12.264486227245577,12.264486227245577
Geltsdale,Middle,2018/19,150.14374979707756,17.81162895200058,0.0,0.005067212392769607,0.005067212392769607,0.0,0.0033749073135698636
Grinton,Long Gill,2018/19,90.61082745363153,11.025253099560798,1.671208063140569,2.0097056900443278,3.680913753184897,1.84438009242966,4.062333229512266
Moor House,Behind House,2018/19,98.86302467197125,23.191016148438454,0.0,0.04494234472686169,0.04494234472686169,0.0,0.045459204668257876
Moor House,Trout Beck,2018/19,108.91957379927427,21.010451211997925,0.0,0.0,0.0,0.0,0.0
Ramsgill,Raygill,2018/19,91.38023093282762,46.958064476463235,4.343946014936859,0.35824830284118653,4.702194317778045,4.753704352235699,5.145745715213354
Rosedale,Pits,2018/19,70.17981166292553,29.42884332832752,2.564125555897132,1.1612147636413575,3.7253403195384895,3.653651235504389,5.3082791635739115
Snilesworth,Lodge,2018/19,72.76746974417948,31.152685050616284,4.082498418752631,0.0,4.082498418752631,5.610334443543272,5.610334443543272
Stags Fell,Beacon,2018/19,76.72072508888196,26.15419890029895,1.242889190202601,0.0,1.242889190202601,1.6200175229870384,1.6200175229870384
Swinton,Potts,2018/19,97.07720850505189,27.986852683314275,7.987914196680105,3.8276736994530185,11.815587896133124,8.228413568633275,12.171330509074375
Wemmergill,Close House,2018/19,104.60843402257282,19.296472237600835,1.3797353223284563,3.0044034588308897,4.384138781159346,1.318952276860135,4.190999341614577
Wemmergill,South Side,2018/19,152.63973968330401,24.47461490028533,0.1288752293186562,0.0,0.1288752293186562,0.08443098080882849,0.08443098080882849
Westerdale,Tank,2018/19,84.31274286264185,26.056798982093365,4.7311398092471855,0.9139457620014866,5.645085571248672,5.611417264594184,6.695412080763837
Bollihope,Catterick,2019/20,74.58632913727754,33.32323135593013,0.0,0.0,0.0,0.0,0.0
Bollihope,Pikestone Fell,2019/20,42.902318635274874,36.53689033693634,0.0,0.0,0.0,0.0,0.0
Crossgill,Dowks,2019/20,31.08260629652129,22.165294103538596,0.0,0.0,0.0,0.0,0.0
Crossgill,Greencastles,2019/20,26.628083287305753,24.80203875310206,0.0,0.0,0.0,0.0,0.0
Crossgill,Pants,2019/20,29.160706276596454,22.09476198669686,0.0,0.0,0.0,0.0,0.0
Dallowgill,Bishops,2019/20,111.47834876987581,66.76255605824043,4.924060704439948,0.0,4.924060704439948,4.4170556514114345,4.4170556514114345
Danby,Low Moor,2019/20,87.70401056452208,40.39176629717707,12.151844925116741,0.0,12.151844925116741,13.855517948266312,13.855517948266312
Edmundbyers,Waskerley,2019/20,66.50757282432203,37.42633004503404,7.716788221610574,0.0,7.716788221610574,11.602871513585773,11.602871513585773
Eggleston,Blackton,2019/20,164.98795292235468,32.08838342962421,2.540731243918924,0.0,2.540731243918924,1.5399495532347276,1.5399495532347276
Eggleston,Cloudlam,2019/20,134.59939090618047,31.258503022597594,0.6204404815673829,1.2612232674093808,1.8816637489767638,0.4609534095141985,1.3979734501832448
Eggleston,Ever Rigg,2019/20,149.33984054448868,31.578812507828687,4.110567536905333,2.0850467335390577,6.195614270444391,2.7524922498365636,4.148668063294672
Eggleston,Neamour,2019/20,120.714597066847,31.34791677511723,0.3270109864567775,0.0,0.3270109864567775,0.2708959764623094,0.2708959764623094
Eggleston,North Sharnberry,2019/20,97.32376550212254,30.65351735689821,0.4680495180616194,0.8750352428436279,1.3430847609052472,0.48092006679644106,1.3800172588636184
Eggleston,Robin Weathers,2019/20,100.1610248683012,32.49862949859648,0.4010904192965638,0.2956530925750732,0.696743511871637,0.40044560229285386,0.6956233852316953
Eggleston,South Sharnberry,2019/20,101.28444988395324,32.85367336839991,0.39992687492370604,0.0,0.39992687492370604,0.3948551583011239,0.3948551583011239
Geltsdale,Middle,2019/20,150.14374979707756,23.192249105178984,0.0,0.0,0.0,0.0,0.0
Grinton,Long Gill,2019/20,90.61082745363153,15.947271365094833,1.471209398651123,0.0,1.471209398651123,1.6236573928253641,1.6236573928253641
Moor House,Behind House,2019/20,98.86302467197125,26.56615945459118,0.0,0.0,0.0,0.0,0.0
Moor House,Trout Beck,2019/20,108.91957379927427,26.67333488258401,0.0,0.0,0.0,0.0,0.0
Ramsgill,Raygill,2019/20,91.38023093282762,61.422028057226335,0.0,0.0,0.0,0.0,0.0
Rosedale,Pits,2019/20,70.17981166292553,36.16337493125983,15.872632780305453,14.231725604927211,30.104358385232665,22.617092300762927,42.896037581041476
Snilesworth,Lodge,2019/20,72.76746974417948,37.48965205614574,16.631924578244064,0.0,16.631924578244064,22.856263432980526,22.856263432980526
Stags Fell,Beacon,2019/20,76.72072508888196,27.769042575294232,0.0,0.0,0.0,0.0,0.0
Swinton,Potts,2019/20,97.07720850505189,36.72417613489641,1.402479434447943,0.0,1.402479434447943,1.4447051538105962,1.4447051538105962
Wemmergill,Close House,2019/20,104.60843402257282,22.297081993037757,0.0,0.0,0.0,0.0,0.0
Wemmergill,South Side,2019/20,152.63973968330401,25.92724925888197,0.0,0.3776078456878662,0.3776078456878662,0.0,0.24738501681889957
Westerdale,Tank,2019/20,84.31274286264185,36.247629446552416,6.111879221619251,1.4968944491592102,7.6087736707784615,7.249057513852232,9.024464644892765
Bollihope,Catterick,2020/21,74.58632913727754,32.15080537823925,0.0,0.0,0.0,0.0,0.0
Bollihope,Pikestone Fell,2020/21,42.902318635274874,33.29402647066731,0.0,0.0,0.0,0.0,0.0
Crossgill,Dowks,2020/21,31.08260629652129,24.887691121329947,0.0,0.02216987880332797,0.02216987880332797,0.0,0.07132567517611668
Crossgill,Greencastles,2020/21,26.628083287305753,26.41225253465915,0.0,0.02753722098705815,0.02753722098705815,0.0,0.1034142063097189
Crossgill,Pants,2020/21,29.160706276596454,22.996524629094832,0.0,0.0,0.0,0.0,0.0
Dallowgill,Bishops,2020/21,111.47834876987581,48.93266221191064,7.782164744359933,0.9398858287811279,8.722050573141061,6.980875506529628,7.823986154608323
Danby,Low Moor,2020/21,87.70401056452208,30.668110511971435,1.5085046085342706,0.0,1.5085046085342706,1.7199950137109115,1.7199950137109115
Edmundbyers,Waskerley,2020/21,66.50757282432203,28.391448477395105,0.0,0.0,0.0,0.0,0.0
Eggleston,Blackton,2020/21,164.98795292235468,26.408705882320806,5.0597097959181845,0.7251400230407715,5.784849818958956,3.066714694193063,3.506225585865276
Eggleston,Cloudlam,2020/21,134.59939090618047,25.705144219754377,1.3336865657806396,10.033720965257528,11.367407531038168,0.9908563157691079,8.445363277283748
Eggleston,Ever Rigg,2020/21,149.33984054448868,24.741833519503267,0.6146108692303813,0.690192456817627,1.3048033260480083,0.4115518451000939,0.8737141551047153
Eggleston,Neamour,2020/21,120.714597066847,29.971405987691334,4.49110127468184,0.007236320657169118,4.4983375953390095,3.720429329847197,3.7264238995454764
Eggleston,North Sharnberry,2020/21,97.32376550212254,27.657026591965856,6.6284899828383494,0.0,6.6284899828383494,6.810761943539667,6.810761943539667
Eggleston,Robin Weathers,2020/21,100.1610248683012,27.217818190694288,3.364567414915793,0.8696213962554932,4.234188811171286,3.359158334631424,4.227381675395891
Eggleston,South Sharnberry,2020/21,101.28444988395324,28.184343433779112,14.243528842282782,0.0512579309052112,14.294786773187992,14.062897965682113,14.113505863502501
Geltsdale,Middle,2020/21,150.14374979707756,23.59198506851984,1.088717391800226,0.0,1.088717391800226,0.7251166920179164,0.7251166920179164
Grinton,Long Gill,2020/21,90.61082745363153,13.251495250971221,0.0,0.0,0.0,0.0,0.0
Moor House,Behind House,2020/21,98.86302467197125,27.766316310625186,0.0,0.0,0.0,0.0,0.0
Moor House,Trout Beck,2020/21,108.91957379927427,24.325398719189188,0.0,0.475043489074707,0.475043489074707,0.0,0.43614152397452016
Ramsgill,Raygill,2020/21,91.38023093282762,44.54167667312325,2.5651237543577308,0.0,2.5651237543577308,2.8070882817568266,2.8070882817568266
Rosedale,Pits,2020/21,70.17981166292553,32.203139030048234,0.0,0.0,0.0,0.0,0.0
Snilesworth,Lodge,2020/21,72.76746974417948,32.5146615978255,0.584003313446045,0.0,0.584003313446045,0.8025609733293745,0.8025609733293745
Stags Fell,Beacon,2020/21,76.72072508888196,27.743481467104235,0.0,0.0,0.0,0.0,0.0
Swinton,Potts,2020/21,97.07720850505189,20.211921067048007,0.0,0.0,0.0,0.0,0.0
Wemmergill,Close House,2020/21,104.60843402257282,24.248081188047866,0.0,0.0,0.0,0.0,0.0
Wemmergill,South Side,2020/21,152.63973968330401,29.218781545528536,0.0,0.0,0.0,0.0,0.0
Westerdale,Tank,2020/21,84.31274286264185,29.915000530947708,1.4206914547594862,0.0,1.4206914547594862,1.6850257820149515,1.6850257820149515
Bollihope,Catterick,2021/22,74.58632913727754,32.5419841591167,0.4112999537045348,1.49378011146695,1.9050800651714848,0.5514414752166306,2.5541946992258446
Bollihope,Pikestone Fell,2021/22,42.902318635274874,32.50787094693272,1.7061147868197575,0.0,1.7061147868197575,3.9767426122675023,3.9767426122675023
Crossgill,Dowks,2021/22,31.08260629652129,19.64585182132623,0.0,0.0,0.0,0.0,0.0
Crossgill,Greencastles,2021/22,26.628083287305753,21.62667443560685,0.0,0.0,0.0,0.0,0.0
Crossgill,Pants,2021/22,29.160706276596454,20.167538609634615,0.5869917805136885,0.0,0.5869917805136885,2.012954607292181,2.012954607292181
Dallowgill,Bishops,2021/22,111.47834876987581,72.3625444535983,1.3685708692408545,0.34070700302124024,1.7092778722620947,1.2276562079924491,1.533282373773358
Danby,Low Moor,2021/22,87.70401056452208,34.55951623664963,7.129391423161826,0.8563184041266347,7.98570982728846,8.128922927551727,9.10529607014212
Edmundbyers,Waskerley,2021/22,66.50757282432203,35.23493997152388,22.775389095891313,0.03774742485046386,22.81313652074178,34.24480570964737,34.30156229126278
Eggleston,Blackton,2021/22,164.98795292235468,26.848448028899913,8.711534033336262,4.014407701873779,12.725941735210041,5.280103109974347,7.713255125481205
Eggleston,Cloudlam,2021/22,134.59939090618047,28.188085019628492,1.1176489017710967,4.255275719803454,5.372924621574551,0.8303521243644625,3.9917896993453925
Eggleston,Ever Rigg,2021/22,149.33984054448868,26.93671688452536,1.4006784817385207,0.9518506634267171,2.3525291451652377,0.9379134708003491,1.5752856950884544
Eggleston,Neamour,2021/22,120.714597066847,28.187068432024446,9.971948795034379,4.533832466387277,14.505781261421657,8.26076467745844,12.01659253635161
Eggleston,North Sharnberry,2021/22,97.32376550212254,28.265052633878206,8.24003803562838,0.3882562503814697,8.62829428600985,8.466624768488508,8.865557391346183
Eggleston,Robin Weathers,2021/22,100.1610248683012,28.59655684122957,1.3995660543000463,0.0,1.3995660543000463,1.3973160280061978,1.3973160280061978
Eggleston,South Sharnberry,2021/22,101.28444988395324,28.78742550888514,3.258989850990445,0.36514715385437013,3.624137004844815,3.2176606129810015,3.578177113068367
Geltsdale,Middle,2021/22,150.14374979707756,20.038111180971523,0.9731521564663158,0.0,0.9731521564663158,0.6481469643468686,0.6481469643468686
Grinton,Long Gill,2021/22,90.61082745363153,15.249261997354417,11.428335797956874,0.0,11.428335797956874,12.612549867514586,12.612549867514586
Moor House,Behind House,2021/22,98.86302467197125,21.601416142764553,0.0,0.0,0.0,0.0,0.0
Moor House,Trout Beck,2021/22,108.91957379927427,20.304176476684056,0.0,0.0,0.0,0.0,0.0
Ramsgill,Raygill,2021/22,91.38023093282762,52.793420306068064,0.0,0.0,0.0,0.0,0.0
Rosedale,Pits,2021/22,70.17981166292553,29.909017602019414,0.0,0.3209198097229004,0.3209198097229004,0.0,0.4572822327655737
Snilesworth,Lodge,2021/22,72.76746974417948,32.97060191234684,0.7782527865615546,0.0,0.7782527865615546,1.0695064556972662,1.0695064556972662
Stags Fell,Beacon,2021/22,76.72072508888196,23.51283791997844,0.0,0.0,0.0,0.0,0.0
Swinton,Potts,2021/22,97.07720850505189,29.166064405579743,7.640610501592301,0.0,7.640610501592301,7.870653286445381,7.870653286445381
Wemmergill,Close House,2021/22,104.60843402257282,19.720721825625862,0.0,0.0,0.0,0.0,0.0
Wemmergill,South Side,2021/22,152.63973968330401,25.531581230372257,0.0,0.0,0.0,0.0,0.0
Westerdale,Tank,2021/22,84.31274286264185,28.937490019397778,0.0,0.0,0.0,0.0,0.0
Bollihope,Catterick,2022/23,74.58632913727754,28.118041733236016,7.150274752762739,0.0,7.150274752762739,9.586575496432493,9.586575496432493
Bollihope,Pikestone Fell,2022/23,42.902318635274874,28.27578486798663,23.618432668513872,0.9345533108385871,24.55298597935246,55.051646204255434,57.22997441719772
Crossgill,Dowks,2022/23,31.08260629652129,21.715139185968685,0.0,0.0,0.0,0.0,0.0
Crossgill,Greencastles,2022/23,26.628083287305753,17.995464160250503,0.0,0.0,0.0,0.0,0.0
Crossgill,Pants,2022/23,29.160706276596454,17.010239323155236,0.0,0.0,0.0,0.0,0.0
Dallowgill,Bishops,2022/23,111.47834876987581,54.00925408487526,7.033847169310626,0.0,7.033847169310626,6.309608320294159,6.309608320294159
Danby,Low Moor,2022/23,87.70401056452208,30.021479596677242,4.2135861028020525,0.0,4.2135861028020525,4.804325452941746,4.804325452941746
Edmundbyers,Waskerley,2022/23,66.50757282432203,25.360347560772937,0.0,0.0,0.0,0.0,0.0
Eggleston,Blackton,2022/23,164.98795292235468,23.490797294167546,4.325173467993643,0.2915263525689817,4.616699820562625,2.621508656470889,2.7982041953907384
Eggleston,Cloudlam,2022/23,134.59939090618047,25.88930368050769,2.0816838745117185,0.0,2.0816838745117185,1.5465774848585385,1.5465774848585385
Eggleston,Ever Rigg,2022/23,149.33984054448868,25.610300297194613,12.569639049796262,0.4001776786804199,12.969816728476681,8.416802243773482,8.684766691319014
Eggleston,Neamour,2022/23,120.714597066847,24.012452573682552,0.11322039082994648,0.0,0.11322039082994648,0.09379179782810315,0.09379179782810315
Eggleston,North Sharnberry,2022/23,97.32376550212254,25.475576295594625,4.092633462014291,0.0,4.092633462014291,4.205173773229145,4.205173773229145
Eggleston,Robin Weathers,2022/23,100.1610248683012,26.726070579918513,2.2617656868384874,0.0,2.2617656868384874,2.258129536725904,2.258129536725904
Eggleston,South Sharnberry,2022/23,101.28444988395324,27.621951854305017,0.29923383130092246,0.0,0.29923383130092246,0.29543906457878766,0.29543906457878766
Geltsdale,Middle,2022/23,150.14374979707756,17.75113704948476,1.6965427491221712,0.2883965202331543,1.9849392693553254,1.1299456363751967,1.3220259065315825
Grinton,Long Gill,2022/23,90.61082745363153,10.776561176859499,0.0,0.0,0.0,0.0,0.0
Moor House,Behind House,2022/23,98.86302467197125,19.439616718528676,0.0,0.0,0.0,0.0,0.0
Moor House,Trout Beck,2022/23,108.91957379927427,17.8297043277882,0.0,0.0,0.0,0.0,0.0
Ramsgill,Raygill,2022/23,91.38023093282762,48.81841825458755,0.7340411949157715,0.0,0.7340411949157715,0.8032822716932673,0.8032822716932673
Rosedale,Pits,2022/23,70.17981166292553,26.317048008045575,0.7531278428724699,0.0,0.7531278428724699,1.0731403020711312,1.0731403020711312
Snilesworth,Lodge,2022/23,72.76746974417948,28.527809374473065,0.9534377570357978,0.0,0.9534377570357978,1.310252727472445,1.310252727472445
Stags Fell,Beacon,2022/23,76.72072508888196,19.367382709803866,0.0,0.0,0.0,0.0,0.0
Swinton,Potts,2022/23,97.07720850505189,24.217823563717538,4.04157766664692,0.0,4.04157766664692,4.163261108230771,4.163261108230771
Wemmergill,Close House,2022/23,104.60843402257282,20.150117931555183,0.0,0.0,0.0,0.0,0.0
Wemmergill,South Side,2022/23,152.63973968330401,17.0148181974484,0.0,1.79280890041426,1.79280890041426,0.0,1.1745361359590687
Westerdale,Tank,2022/23,84.31274286264185,27.0519539823649,2.3885430487329806,0.0,2.3885430487329806,2.8329561672833687,2.8329561672833687
Bollihope,Catterick,2023/24,74.58632913727754,19.730662558154748,5.78313021774292,0.8336243835449219,6.616754601287841,7.753606169702976,8.871269946949099
Bollihope,Pikestone Fell,2023/24,42.902318635274874,18.831067011485604,0.0,0.0,0.0,0.0,0.0
Crossgill,Dowks,2023/24,31.08260629652129,9.317125677650816,0.0,0.0,0.0,0.0,0.0
Crossgill,Greencastles,2023/24,26.628083287305753,12.525796104334491,0.0,0.0,0.0,0.0,0.0
Crossgill,Pants,2023/24,29.160706276596454,8.996701342869672,0.0,0.0,0.0,0.0,0.0
Dallowgill,Bishops,2023/24,111.47834876987581,41.252510224019005,2.6825351888619218,23.158458591503067,25.84099378036499,2.4063284202383244,23.180280355343637
Danby,Low Moor,2023/24,87.70401056452208,21.214958237357795,10.98136252501544,0.0,10.98136252501544,12.520935421689378,12.520935421689378
Edmundbyers,Waskerley,2023/24,66.50757282432203,26.021680661666533,0.0,0.0,0.0,0.0,0.0
Eggleston,Blackton,2023/24,164.98795292235468,17.296160467390735,0.9795534516951617,1.250176635769115,2.2297300874642767,0.5937121070628419,1.3514502410449414
Eggleston,Cloudlam,2023/24,134.59939090618047,17.233681856977476,1.2612274113449395,0.0,1.2612274113449395,0.9370231193869594,0.9370231193869594
Eggleston,Ever Rigg,2023/24,149.33984054448868,15.928813281219783,0.8728957180666457,0.0,0.8728957180666457,0.584502912875823,0.584502912875823
Eggleston,Neamour,2023/24,120.714597066847,18.141805839302467,0.35396377410888674,0.0,0.35396377410888674,0.29322367195814397,0.29322367195814397
Eggleston,North Sharnberry,2023/24,97.32376550212254,19.986636741767757,6.518637919025792,0.5563427271121156,7.074980646137908,6.697889138787613,7.269530324516276
Eggleston,Robin Weathers,2023/24,100.1610248683012,18.20832344556375,3.940746289945109,0.0,3.940746289945109,3.93441090995892,3.93441090995892
Eggleston,South Sharnberry,2023/24,101.28444988395324,19.898071022216204,6.460730954854632,0.0,6.460730954854632,6.378798485114961,6.378798485114961
Geltsdale,Middle,2023/24,150.14374979707756,15.73358455112558,0.0,0.33455815353393553,0.33455815353393553,0.0,0.22282522848010516
Grinton,Long Gill,2023/24,90.61082745363153,10.88566808170635,1.6950695437622068,0.43788516006469724,2.132954703826904,1.8707141203733388,2.353973320592846
Moor House,Behind House,2023/24,98.86302467197125,12.501218631367045,0.0,0.0,0.0,0.0,0.0
Moor House,Trout Beck,2023/24,108.91957379927427,12.041937344231258,0.0,0.0,0.0,0.0,0.0
Ramsgill,Raygill,2023/24,91.38023093282762,34.680606696182615,1.7720227049449848,1.2856839288195443,3.0577066337645293,1.9391751222948592,3.346135813568045
Rosedale,Pits,2023/24,70.17981166292553,20.193166435206344,0.0,0.0,0.0,0.0,0.0
Snilesworth,Lodge,2023/24,72.76746974417948,19.113319119520728,6.927299456618063,8.560002326806753,15.487301783424815,9.51977508764782,21.283276494114478
Stags Fell,Beacon,2023/24,76.72072508888196,20.041461861050305,0.0,0.0,0.0,0.0,0.0
Swinton,Potts,2023/24,97.07720850505189,18.922303249521445,7.58253242484448,1.8129397252744783,9.395472150118959,7.810826600406301,9.678350145008569
Wemmergill,Close House,2023/24,104.60843402257282,15.4101131861237,0.0,0.0,0.0,0.0,0.0
Wemmergill,South Side,2023/24,152.63973968330401,18.294547283166935,0.0,0.0,0.0,0.0,0.0
Westerdale,Tank,2023/24,84.31274286264185,20.661222357953857,0.0,0.0,0.0,0.0,0.0
Bollihope,Catterick,2024/25,74.58632913727754,37.72998161109587,9.019687925087423,7.624453142933565,16.64414106802099,12.092950584129857,22.315270453097554
Bollihope,Pikestone Fell,2024/25,42.902318635274874,36.678185284130436,0.0,0.0,0.0,0.0,0.0
Crossgill,Dowks,2024/25,31.08260629652129,35.399695325145196,0.0,0.0,0.0,0.0,0.0
Crossgill,Greencastles,2024/25,26.628083287305753,35.53666498735427,0.0,0.0,0.0,0.0,0.0
Crossgill,Pants,2024/25,29.160706276596454,30.718531384521423,0.0,0.0,0.0,0.0,0.0
Dallowgill,Bishops,2024/25,111.47834876987581,86.53690152761531,3.380553567370247,0.0,3.380553567370247,3.0324754579462843,3.0324754579462843
Danby,Low Moor,2024/25,87.70401056452208,48.558682072521975,4.685969992195578,16.299461955187926,20.985431947383503,5.342936955828495,23.927562505188906
Edmundbyers,Waskerley,2024/25,66.50757282432203,41.46888653434328,32.51415390933915,0.0,32.51415390933915,48.887897315429655,48.887897315429655
Eggleston,Blackton,2024/25,164.98795292235468,32.274585501024085,22.195860234747485,2.0529383030551087,24.248798537802593,13.453018745673587,14.697314627095452
Eggleston,Cloudlam,2024/25,134.59939090618047,35.281871847500284,4.5575444952362725,0.015962321494607364,4.573506816730879,3.386006775032888,3.3978659085602705
Eggleston,Ever Rigg,2024/25,149.33984054448868,33.77571048114947,4.013303230994736,0.0,4.013303230994736,2.687362740151824,2.687362740151824
Eggleston,Neamour,2024/25,120.714597066847,33.713124552610395,18.01011138891484,0.21717946146347927,18.22729085037832,14.919580420702186,15.099491936575626
Eggleston,North Sharnberry,2024/25,97.32376550212254,36.680220867318354,13.774525891925592,0.3215895391486673,14.096115431074258,14.153301427311895,14.483734120179346
Eggleston,Robin Weathers,2024/25,100.1610248683012,34.175927495413525,11.856475375888325,0.0,11.856475375888325,11.837414195270124,11.837414195270124
Eggleston,South Sharnberry,2024/25,101.28444988395324,33.5444752865426,18.963017122808786,0.0,18.963017122808786,18.722535536832833,18.722535536832833
Geltsdale,Middle,2024/25,150.14374979707756,33.42296740968086,0.0,0.0,0.0,0.0,0.0
Grinton,Long Gill,2024/25,90.61082745363153,13.489324056496267,8.989628791864435,0.0,8.989628791864435,9.921141925852863,9.921141925852863
Moor House,Behind House,2024/25,98.86302467197125,34.03439324786943,0.0,0.0,0.0,0.0,0.0
Moor House,Trout Beck,2024/25,108.91957379927427,33.8453494754457,0.0,0.0,0.0,0.0,0.0
Ramsgill,Raygill,2024/25,91.38023093282762,70.26025169344368,0.0,0.0,0.0,0.0,0.0
Rosedale,Pits,2024/25,70.17981166292553,44.42385995256524,0.2873114316035251,19.145137153688314,19.432448585291837,0.4093932782029758,27.689513728857122
Snilesworth,Lodge,2024/25,72.76746974417948,48.96217201846791,21.590925308857337,1.8847623563474771,23.475687665204813,29.67112280358539,32.261239462819965
Stags Fell,Beacon,2024/25,76.72072508888196,34.894573989951766,0.0,0.0,0.0,0.0,0.0
Swinton,Potts,2024/25,97.07720850505189,41.74263402421789,0.0047129694710525815,0.0,0.0047129694710525815,0.004854867114156171,0.004854867114156171
Wemmergill,Close House,2024/25,104.60843402257282,32.12556996640241,0.0,0.0,0.0,0.0,0.0
Wemmergill,South Side,2024/25,152.63973968330401,37.593731707958476,0.0,0.0,0.0,0.0,0.0
Westerdale,Tank,2024/25,84.31274286264185,46.22066756752152,0.9160401973724365,5.467858960197298,6.383899157569735,1.0864789428862536,7.571689570068983
