Moor,Region,pct
Edmundbyers,North Pennines,14.7
Snilesworth,North York Moors,11.84
Grinton,Dales / Nidderdale,6.73
Rosedale,North York Moors,5.78
Westerdale,North York Moors,5.44
Danby,North York Moors,5.33
Dallowgill,Dales / Nidderdale,5.21
Eggleston,North Pennines,5.19
Bollihope,North Pennines,4.84
Swinton,Dales / Nidderdale,4.81
Ramsgill,Dales / Nidderdale,2.47
Geltsdale,North Pennines,0.98
Stags Fell,Dales / Nidderdale,0.45
Crossgill,North Pennines,0.26
Wemmergill,North Pennines,0.23
Moor House,North Pennines,0.08
