season,baseline_images,post_images,dnbr_p50,dnbr_p90,dnbr_p95,dnbr_p97,dnbr_p99,ha_above_threshold,ha_after_veg_moorland,ha_after_patch_filter
2017/18,61,105,0.003900470920844088,0.09754475415909693,0.14439090971048194,0.20690921302165832,0.31620582463427266,187.14431074034448,186.21517968932505,176.08432483163867
2018/19,130,105,-0.00390714636666295,0.11319799500189526,0.17568399021513045,0.23046303408732235,0.32438155243931616,249.92375439819946,244.7392393819922,233.25822944022846
2019/20,132,114,0.0019570478490429206,0.09170831565432679,0.14643767984889838,0.1933777414734983,0.2753617299579873,182.36122144730209,181.0240119610296,169.1193736407949
2020/21,128,108,0.0019322531115731887,0.103479009506299,0.13466109894686865,0.16600253507206583,0.24024696179080826,130.64719150385392,129.37917778867686,118.58902677266589
2021/22,127,108,-0.0039268957173057804,0.11322100995309882,0.18354625216460535,0.23817455635832968,0.35550718667457765,255.57690063984302,250.25522572358688,237.60169554518023
2022/23,127,105,0.003916227332547041,0.0974887059266966,0.15228293438646587,0.19909842706669884,0.308685132077249,180.43329589507604,179.5400805951975,168.4470374497522
2023/24,127,106,0.0039006682779807273,0.10537999063562609,0.13656786354896153,0.1677921447765242,0.24613989986439697,138.17982098806047,137.77737084817028,123.60272790267948
2024/25,130,156,-0.003913154802504202,0.1367232395304004,0.20702383247026446,0.2538096038906792,0.3397741515369011,329.59066731810043,328.90037673002223,312.69929239230447
2025/26,191,162,-0.0038580417917141382,0.10543041332334767,0.16016479141296144,0.19921348433861671,0.28525398265820395,206.79664400102808,204.66720531043714,189.31610636707683
